"","GEOID","State","State_name","County","County_name","LAND_AREA","Tot_Population_ACS_13_17","Tot_Population_ACSMOE_13_17","Low_Response_Score"
"1","22001960100","22","Louisiana","001","Acadia Parish",18.241,6187,646,22.7
"2","22001960200","22","Louisiana","001","Acadia Parish",135.626,5627,512,16.7
"3","22001960300","22","Louisiana","001","Acadia Parish",90.173,3494,360,18.1
"4","22001960400","22","Louisiana","001","Acadia Parish",127.812,7116,689,18
"5","22001960500","22","Louisiana","001","Acadia Parish",74.271,7126,710,16.3
"6","22001960600","22","Louisiana","001","Acadia Parish",13.249,5960,567,22.5
"7","22001960700","22","Louisiana","001","Acadia Parish",7.982,4820,448,25
"8","22001960800","22","Louisiana","001","Acadia Parish",12.243,5147,480,21.4
"9","22001960900","22","Louisiana","001","Acadia Parish",5.598,4974,455,24.6
"10","22001961000","22","Louisiana","001","Acadia Parish",5.689,4988,442,23.3
"11","22001961100","22","Louisiana","001","Acadia Parish",81.115,3740,386,22
"12","22001961200","22","Louisiana","001","Acadia Parish",83.118,3428,326,16.9
"13","22003950100","22","Louisiana","003","Allen Parish",393.97,4984,452,18.5
"14","22003950200","22","Louisiana","003","Allen Parish",26.841,5424,384,23.6
"15","22003950300","22","Louisiana","003","Allen Parish",3.554,2848,372,21.5
"16","22003950400","22","Louisiana","003","Allen Parish",195.616,4115,404,21.4
"17","22003950500","22","Louisiana","003","Allen Parish",141.864,8296,553,22.3
"18","22005030101","22","Louisiana","005","Ascension Parish",11.721,7996,665,19.4
"19","22005030102","22","Louisiana","005","Ascension Parish",6.127,4961,417,17.4
"20","22005030103","22","Louisiana","005","Ascension Parish",15.272,6498,618,15.7
"21","22005030203","22","Louisiana","005","Ascension Parish",10.532,11485,743,15.7
"22","22005030204","22","Louisiana","005","Ascension Parish",7.035,12096,826,19
"23","22005030205","22","Louisiana","005","Ascension Parish",6.224,11126,713,19.2
"24","22005030206","22","Louisiana","005","Ascension Parish",8.073,10642,595,22.5
"25","22005030300","22","Louisiana","005","Ascension Parish",66.656,14620,933,19.4
"26","22005030401","22","Louisiana","005","Ascension Parish",5.898,4749,444,22.7
"27","22005030402","22","Louisiana","005","Ascension Parish",4.774,7809,612,23.2
"28","22005030500","22","Louisiana","005","Ascension Parish",69.974,8847,797,20.3
"29","22005030600","22","Louisiana","005","Ascension Parish",26.242,6561,540,23.3
"30","22005030900","22","Louisiana","005","Ascension Parish",37.56,4475,545,25.5
"31","22005031000","22","Louisiana","005","Ascension Parish",13.897,7264,595,23.7
"32","22007050100","22","Louisiana","007","Assumption Parish",52.911,3775,450,25.1
"33","22007050200","22","Louisiana","007","Assumption Parish",42.464,4885,437,16.4
"34","22007050300","22","Louisiana","007","Assumption Parish",55.255,3456,479,21.5
"35","22007050400","22","Louisiana","007","Assumption Parish",52.704,3437,376,21.3
"36","22007050500","22","Louisiana","007","Assumption Parish",78.155,3160,457,24.6
"37","22007050600","22","Louisiana","007","Assumption Parish",57.171,4168,363,22.5
"38","22009030100","22","Louisiana","009","Avoyelles Parish",271.62,2620,426,20.7
"39","22009030200","22","Louisiana","009","Avoyelles Parish",119.217,2742,296,17.2
"40","22009030300","22","Louisiana","009","Avoyelles Parish",51.944,3589,455,20.7
"41","22009030400","22","Louisiana","009","Avoyelles Parish",19.918,6946,432,22.5
"42","22009030500","22","Louisiana","009","Avoyelles Parish",53.127,6994,621,20.7
"43","22009030600","22","Louisiana","009","Avoyelles Parish",84.775,4924,350,22.9
"44","22009030700","22","Louisiana","009","Avoyelles Parish",87.039,7908,578,24.9
"45","22009030800","22","Louisiana","009","Avoyelles Parish",61.851,2579,295,17.7
"46","22009030900","22","Louisiana","009","Avoyelles Parish",82.947,2793,351,25.9
"47","22011960100","22","Louisiana","011","Beauregard Parish",298.237,6587,771,17.5
"48","22011960200","22","Louisiana","011","Beauregard Parish",124.721,5120,479,18.7
"49","22011960300","22","Louisiana","011","Beauregard Parish",8.019,4448,303,24.6
"50","22011960400","22","Louisiana","011","Beauregard Parish",9.344,3454,239,22.8
"51","22011960500","22","Louisiana","011","Beauregard Parish",14.719,5237,322,22.8
"52","22011960600","22","Louisiana","011","Beauregard Parish",344.578,3636,394,22.4
"53","22011960700","22","Louisiana","011","Beauregard Parish",357.724,8116,735,17.2
"54","22013970100","22","Louisiana","013","Bienville Parish",24.328,3630,209,25.8
"55","22013970200","22","Louisiana","013","Bienville Parish",151.268,1599,193,24.3
"56","22013970300","22","Louisiana","013","Bienville Parish",99.715,3090,248,23.4
"57","22013970400","22","Louisiana","013","Bienville Parish",152.298,2668,258,20.1
"58","22013970500","22","Louisiana","013","Bienville Parish",383.659,2819,280,21.7
"59","22015010400","22","Louisiana","015","Bossier Parish",2.389,1391,215,31.4
"60","22015010500","22","Louisiana","015","Bossier Parish",1.577,4440,375,23.7
"61","22015010601","22","Louisiana","015","Bossier Parish",5.207,7969,777,29.3
"62","22015010602","22","Louisiana","015","Bossier Parish",1.313,3457,391,26.9
"63","22015010701","22","Louisiana","015","Bossier Parish",0.894,3818,509,25.5
"64","22015010702","22","Louisiana","015","Bossier Parish",0.771,4279,537,23
"65","22015010801","22","Louisiana","015","Bossier Parish",1.181,2936,428,26.2
"66","22015010804","22","Louisiana","015","Bossier Parish",3.446,7862,500,19.3
"67","22015010805","22","Louisiana","015","Bossier Parish",2.137,3323,350,27.8
"68","22015010806","22","Louisiana","015","Bossier Parish",1.024,4134,313,15.9
"69","22015010900","22","Louisiana","015","Bossier Parish",33.41,5038,454,29.5
"70","22015011001","22","Louisiana","015","Bossier Parish",55.514,8522,698,22
"71","22015011002","22","Louisiana","015","Bossier Parish",104.471,4768,556,19.3
"72","22015011103","22","Louisiana","015","Bossier Parish",123.91,7065,551,18.8
"73","22015011105","22","Louisiana","015","Bossier Parish",14.205,6638,440,17.9
"74","22015011106","22","Louisiana","015","Bossier Parish",56.555,9027,721,21.9
"75","22015011107","22","Louisiana","015","Bossier Parish",3.697,2145,245,27.2
"76","22015011108","22","Louisiana","015","Bossier Parish",45.593,15077,878,17.3
"77","22015011109","22","Louisiana","015","Bossier Parish",12.386,7800,668,20.8
"78","22015011110","22","Louisiana","015","Bossier Parish",10.437,8828,667,19.1
"79","22015011200","22","Louisiana","015","Bossier Parish",358.934,5427,704,21.4
"80","22015011300","22","Louisiana","015","Bossier Parish",1.004,1754,267,32.9
"81","22017020500","22","Louisiana","017","Caddo Parish",1.824,2870,327,30.8
"82","22017020600","22","Louisiana","017","Caddo Parish",0.547,790,160,27.8
"83","22017020700","22","Louisiana","017","Caddo Parish",0.559,837,132,27.1
"84","22017021000","22","Louisiana","017","Caddo Parish",0.727,1802,231,27.6
"85","22017021100","22","Louisiana","017","Caddo Parish",0.504,2363,375,26.5
"86","22017021200","22","Louisiana","017","Caddo Parish",0.723,3424,408,26.2
"87","22017021300","22","Louisiana","017","Caddo Parish",1.416,2735,409,30.3
"88","22017021400","22","Louisiana","017","Caddo Parish",0.58,2267,292,23.5
"89","22017021500","22","Louisiana","017","Caddo Parish",0.834,2188,275,19.8
"90","22017021600","22","Louisiana","017","Caddo Parish",0.896,3626,601,21.7
"91","22017021700","22","Louisiana","017","Caddo Parish",1.106,1850,288,30.1
"92","22017021800","22","Louisiana","017","Caddo Parish",1.094,1524,458,31.8
"93","22017021900","22","Louisiana","017","Caddo Parish",0.511,1392,249,26.9
"94","22017022000","22","Louisiana","017","Caddo Parish",0.722,1828,217,26.8
"95","22017022100","22","Louisiana","017","Caddo Parish",1.501,5913,577,28.6
"96","22017022200","22","Louisiana","017","Caddo Parish",3.185,5408,702,27.6
"97","22017022300","22","Louisiana","017","Caddo Parish",1.029,2452,462,29.3
"98","22017022400","22","Louisiana","017","Caddo Parish",1.264,3212,521,28.4
"99","22017022500","22","Louisiana","017","Caddo Parish",1.043,5329,634,27.5
"100","22017022600","22","Louisiana","017","Caddo Parish",1.251,3042,351,11.9
"101","22017022700","22","Louisiana","017","Caddo Parish",0.647,2618,353,16.8
"102","22017022800","22","Louisiana","017","Caddo Parish",1.091,4045,350,16.8
"103","22017022900","22","Louisiana","017","Caddo Parish",2.272,4893,679,22.2
"104","22017023000","22","Louisiana","017","Caddo Parish",1.614,4730,458,16.6
"105","22017023100","22","Louisiana","017","Caddo Parish",0.94,1629,195,14.8
"106","22017023200","22","Louisiana","017","Caddo Parish",0.613,1508,227,29.7
"107","22017023300","22","Louisiana","017","Caddo Parish",1.266,2702,345,28.1
"108","22017023400","22","Louisiana","017","Caddo Parish",2.031,6507,765,30.1
"109","22017023500","22","Louisiana","017","Caddo Parish",1.078,3470,597,27
"110","22017023600","22","Louisiana","017","Caddo Parish",0.998,3209,483,31.1
"111","22017023700","22","Louisiana","017","Caddo Parish",2.043,6775,793,29.6
"112","22017023800","22","Louisiana","017","Caddo Parish",1.76,5466,617,23.1
"113","22017023901","22","Louisiana","017","Caddo Parish",4.082,6618,552,20.1
"114","22017023903","22","Louisiana","017","Caddo Parish",7.096,4182,401,18.6
"115","22017023904","22","Louisiana","017","Caddo Parish",1.132,3008,371,21.1
"116","22017023905","22","Louisiana","017","Caddo Parish",1.335,4795,676,22.7
"117","22017024000","22","Louisiana","017","Caddo Parish",80.666,12131,595,14.3
"118","22017024102","22","Louisiana","017","Caddo Parish",13.288,3992,404,19.4
"119","22017024104","22","Louisiana","017","Caddo Parish",3.181,7166,706,26.6
"120","22017024106","22","Louisiana","017","Caddo Parish",4.829,7529,776,26.5
"121","22017024107","22","Louisiana","017","Caddo Parish",3.482,5415,456,21.8
"122","22017024108","22","Louisiana","017","Caddo Parish",2.486,6865,724,17
"123","22017024109","22","Louisiana","017","Caddo Parish",1.672,4078,370,21
"124","22017024201","22","Louisiana","017","Caddo Parish",5.815,4291,434,25.9
"125","22017024202","22","Louisiana","017","Caddo Parish",36.786,6728,512,19.4
"126","22017024203","22","Louisiana","017","Caddo Parish",106.419,4614,493,19.6
"127","22017024301","22","Louisiana","017","Caddo Parish",45.11,6809,727,20.6
"128","22017024303","22","Louisiana","017","Caddo Parish",7.59,5539,784,27.6
"129","22017024304","22","Louisiana","017","Caddo Parish",36.208,4820,341,18.2
"130","22017024400","22","Louisiana","017","Caddo Parish",6.268,4684,432,20.8
"131","22017024503","22","Louisiana","017","Caddo Parish",10.652,5438,469,23.3
"132","22017024504","22","Louisiana","017","Caddo Parish",83.001,6725,557,21.8
"133","22017024601","22","Louisiana","017","Caddo Parish",8.391,4776,602,33
"134","22017024602","22","Louisiana","017","Caddo Parish",7.575,4930,447,30.8
"135","22017024700","22","Louisiana","017","Caddo Parish",3.433,1892,265,16.7
"136","22017024800","22","Louisiana","017","Caddo Parish",95.574,980,152,20.2
"137","22017024900","22","Louisiana","017","Caddo Parish",100.75,3682,363,22.6
"138","22017025000","22","Louisiana","017","Caddo Parish",10.061,3643,113,24.2
"139","22017025100","22","Louisiana","017","Caddo Parish",110.175,1798,226,18.7
"140","22017025200","22","Louisiana","017","Caddo Parish",0.658,897,149,27.5
"141","22017025300","22","Louisiana","017","Caddo Parish",1.807,1569,340,28.4
"142","22017025405","22","Louisiana","017","Caddo Parish",9.113,4544,353,17
"143","22017025406","22","Louisiana","017","Caddo Parish",29.541,4527,360,17.7
"144","22017980000","22","Louisiana","017","Caddo Parish",2.68,0,12,NA
"145","22019000100","22","Louisiana","019","Calcasieu Parish",0.886,2094,265,24.4
"146","22019000200","22","Louisiana","019","Calcasieu Parish",2.116,1643,279,28
"147","22019000300","22","Louisiana","019","Calcasieu Parish",1.058,2179,244,32.3
"148","22019000400","22","Louisiana","019","Calcasieu Parish",0.37,1050,170,27.6
"149","22019000500","22","Louisiana","019","Calcasieu Parish",1.719,3283,275,20.1
"150","22019000600","22","Louisiana","019","Calcasieu Parish",1.964,7335,618,27
"151","22019000700","22","Louisiana","019","Calcasieu Parish",1.877,4667,455,24.9
"152","22019000800","22","Louisiana","019","Calcasieu Parish",1.101,3328,310,24.3
"153","22019000900","22","Louisiana","019","Calcasieu Parish",1.171,3903,389,17.7
"154","22019001000","22","Louisiana","019","Calcasieu Parish",1.461,3598,305,16.6
"155","22019001100","22","Louisiana","019","Calcasieu Parish",1.13,5045,477,26.8
"156","22019001201","22","Louisiana","019","Calcasieu Parish",1.446,4934,426,25.1
"157","22019001202","22","Louisiana","019","Calcasieu Parish",0.774,3258,401,32.8
"158","22019001300","22","Louisiana","019","Calcasieu Parish",3.287,6395,502,16.7
"159","22019001400","22","Louisiana","019","Calcasieu Parish",11.962,5476,851,24.4
"160","22019001500","22","Louisiana","019","Calcasieu Parish",1.498,1666,319,26.9
"161","22019001600","22","Louisiana","019","Calcasieu Parish",6.477,4417,462,26.6
"162","22019001700","22","Louisiana","019","Calcasieu Parish",47.452,9583,596,23.3
"163","22019001801","22","Louisiana","019","Calcasieu Parish",40.324,10455,844,19.5
"164","22019001901","22","Louisiana","019","Calcasieu Parish",3.4,3611,310,12.4
"165","22019001903","22","Louisiana","019","Calcasieu Parish",3.08,6685,724,21.4
"166","22019001904","22","Louisiana","019","Calcasieu Parish",2.428,5976,620,18.4
"167","22019002000","22","Louisiana","019","Calcasieu Parish",183.934,9546,909,21.5
"168","22019002100","22","Louisiana","019","Calcasieu Parish",4.472,3238,31,21
"169","22019002201","22","Louisiana","019","Calcasieu Parish",67.024,8876,728,16.3
"170","22019002203","22","Louisiana","019","Calcasieu Parish",5.075,6899,632,19.4
"171","22019002204","22","Louisiana","019","Calcasieu Parish",10.149,5592,442,17.2
"172","22019002300","22","Louisiana","019","Calcasieu Parish",95.829,2670,305,18.1
"173","22019002400","22","Louisiana","019","Calcasieu Parish",34.135,5832,867,19.7
"174","22019002500","22","Louisiana","019","Calcasieu Parish",6.922,3716,423,15.9
"175","22019002600","22","Louisiana","019","Calcasieu Parish",2.503,4745,280,19.8
"176","22019002700","22","Louisiana","019","Calcasieu Parish",75.429,7590,672,20.9
"177","22019002800","22","Louisiana","019","Calcasieu Parish",1.752,4346,489,24.5
"178","22019002900","22","Louisiana","019","Calcasieu Parish",1.21,2335,253,20.5
"179","22019003000","22","Louisiana","019","Calcasieu Parish",2.207,4786,571,18.4
"180","22019003101","22","Louisiana","019","Calcasieu Parish",2.246,4727,388,14.9
"181","22019003102","22","Louisiana","019","Calcasieu Parish",1.102,2248,196,15.7
"182","22019003200","22","Louisiana","019","Calcasieu Parish",73.348,2079,300,20.1
"183","22019003300","22","Louisiana","019","Calcasieu Parish",12.24,5284,440,20.8
"184","22019003400","22","Louisiana","019","Calcasieu Parish",135.971,5624,452,18.4
"185","22019003500","22","Louisiana","019","Calcasieu Parish",6.257,3487,83,23.4
"186","22019003600","22","Louisiana","019","Calcasieu Parish",201.074,4552,461,19
"187","22019980000","22","Louisiana","019","Calcasieu Parish",2.084,0,12,NA
"188","22019980100","22","Louisiana","019","Calcasieu Parish",1.712,0,12,NA
"189","22021000100","22","Louisiana","021","Caldwell Parish",171.207,2513,324,20.2
"190","22021000200","22","Louisiana","021","Caldwell Parish",235.371,2904,271,22.8
"191","22021000300","22","Louisiana","021","Caldwell Parish",122.847,4583,371,22.4
"192","22023970100","22","Louisiana","023","Cameron Parish",776.77,5167,203,19.8
"193","22023970201","22","Louisiana","023","Cameron Parish",508.116,1639,203,19.9
"194","22023990000","22","Louisiana","023","Cameron Parish",0,0,12,NA
"195","22025000100","22","Louisiana","025","Catahoula Parish",415.77,4838,323,22.8
"196","22025000200","22","Louisiana","025","Catahoula Parish",8.908,2283,243,24.8
"197","22025000300","22","Louisiana","025","Catahoula Parish",283.35,2923,288,15.7
"198","22027950100","22","Louisiana","027","Claiborne Parish",273.081,3445,302,22.1
"199","22027950200","22","Louisiana","027","Claiborne Parish",259.023,4009,239,23
"200","22027950300","22","Louisiana","027","Claiborne Parish",14.052,2699,297,25.5
"201","22027950400","22","Louisiana","027","Claiborne Parish",10.874,3383,240,26.2
"202","22027950500","22","Louisiana","027","Claiborne Parish",197.848,2760,305,21.7
"203","22029000100","22","Louisiana","029","Concordia Parish",146.855,2145,295,21.1
"204","22029000200","22","Louisiana","029","Concordia Parish",19.39,5416,466,26.3
"205","22029000300","22","Louisiana","029","Concordia Parish",23.895,3766,427,21.6
"206","22029000400","22","Louisiana","029","Concordia Parish",6.822,4400,200,21.8
"207","22029000500","22","Louisiana","029","Concordia Parish",499.959,4484,332,21.9
"208","22031950100","22","Louisiana","031","De Soto Parish",145.601,10352,602,21.5
"209","22031950200","22","Louisiana","031","De Soto Parish",156.304,3751,380,23.1
"210","22031950300","22","Louisiana","031","De Soto Parish",251.701,2750,399,22.7
"211","22031950400","22","Louisiana","031","De Soto Parish",27.741,3141,328,25.5
"212","22031950500","22","Louisiana","031","De Soto Parish",44.202,2019,259,26.7
"213","22031950600","22","Louisiana","031","De Soto Parish",17.896,2885,285,28.2
"214","22031950700","22","Louisiana","031","De Soto Parish",232.136,2266,335,19.2
"215","22033000100","22","Louisiana","033","East Baton Rouge Parish",0.74,2020,335,31.6
"216","22033000200","22","Louisiana","033","East Baton Rouge Parish",1.504,6455,920,30
"217","22033000300","22","Louisiana","033","East Baton Rouge Parish",0.672,1687,257,30.2
"218","22033000400","22","Louisiana","033","East Baton Rouge Parish",0.67,2917,576,31
"219","22033000500","22","Louisiana","033","East Baton Rouge Parish",0.898,3619,502,32.8
"220","22033000601","22","Louisiana","033","East Baton Rouge Parish",0.579,2851,469,28.8
"221","22033000602","22","Louisiana","033","East Baton Rouge Parish",0.873,4652,486,27.9
"222","22033000701","22","Louisiana","033","East Baton Rouge Parish",0.818,2328,256,32.6
"223","22033000702","22","Louisiana","033","East Baton Rouge Parish",0.989,2870,546,28.9
"224","22033000900","22","Louisiana","033","East Baton Rouge Parish",0.834,4153,459,27
"225","22033001000","22","Louisiana","033","East Baton Rouge Parish",0.76,3963,714,29.9
"226","22033001102","22","Louisiana","033","East Baton Rouge Parish",1.089,3307,404,28.6
"227","22033001103","22","Louisiana","033","East Baton Rouge Parish",0.906,3123,469,31
"228","22033001104","22","Louisiana","033","East Baton Rouge Parish",0.995,4697,554,36.9
"229","22033001600","22","Louisiana","033","East Baton Rouge Parish",0.734,3314,300,22.9
"230","22033001700","22","Louisiana","033","East Baton Rouge Parish",1.398,5524,500,19.7
"231","22033001800","22","Louisiana","033","East Baton Rouge Parish",0.717,2383,299,24.7
"232","22033001900","22","Louisiana","033","East Baton Rouge Parish",1.157,2418,273,15.8
"233","22033002000","22","Louisiana","033","East Baton Rouge Parish",2.02,3747,322,15.6
"234","22033002200","22","Louisiana","033","East Baton Rouge Parish",0.363,1416,215,28.5
"235","22033002300","22","Louisiana","033","East Baton Rouge Parish",0.794,2556,300,16.1
"236","22033002400","22","Louisiana","033","East Baton Rouge Parish",0.693,2092,346,29
"237","22033002500","22","Louisiana","033","East Baton Rouge Parish",0.516,3193,411,30.1
"238","22033002601","22","Louisiana","033","East Baton Rouge Parish",1.444,4134,394,19.1
"239","22033002602","22","Louisiana","033","East Baton Rouge Parish",2.162,3728,490,22.8
"240","22033002700","22","Louisiana","033","East Baton Rouge Parish",0.624,1561,199,21.6
"241","22033002801","22","Louisiana","033","East Baton Rouge Parish",1.154,2607,453,35.9
"242","22033002802","22","Louisiana","033","East Baton Rouge Parish",0.755,3976,342,31.8
"243","22033003000","22","Louisiana","033","East Baton Rouge Parish",13.622,4428,518,29.9
"244","22033003101","22","Louisiana","033","East Baton Rouge Parish",1.583,4394,452,31
"245","22033003103","22","Louisiana","033","East Baton Rouge Parish",1.319,1332,170,32.3
"246","22033003201","22","Louisiana","033","East Baton Rouge Parish",3.39,3963,431,23.6
"247","22033003202","22","Louisiana","033","East Baton Rouge Parish",6.743,3671,410,19.4
"248","22033003300","22","Louisiana","033","East Baton Rouge Parish",1.758,5004,607,28.8
"249","22033003400","22","Louisiana","033","East Baton Rouge Parish",1.734,6449,829,27
"250","22033003501","22","Louisiana","033","East Baton Rouge Parish",5.178,3132,474,28.3
"251","22033003504","22","Louisiana","033","East Baton Rouge Parish",1.669,5984,825,26.2
"252","22033003505","22","Louisiana","033","East Baton Rouge Parish",3.066,4036,449,29.1
"253","22033003506","22","Louisiana","033","East Baton Rouge Parish",2.949,7515,968,25.4
"254","22033003507","22","Louisiana","033","East Baton Rouge Parish",2.762,4848,472,22.4
"255","22033003601","22","Louisiana","033","East Baton Rouge Parish",2.219,3626,468,25.4
"256","22033003603","22","Louisiana","033","East Baton Rouge Parish",0.793,2525,628,29.4
"257","22033003604","22","Louisiana","033","East Baton Rouge Parish",1.178,6100,933,32.2
"258","22033003701","22","Louisiana","033","East Baton Rouge Parish",1.918,6129,885,20.4
"259","22033003702","22","Louisiana","033","East Baton Rouge Parish",1.013,3917,514,19
"260","22033003703","22","Louisiana","033","East Baton Rouge Parish",1.963,6388,526,17.7
"261","22033003801","22","Louisiana","033","East Baton Rouge Parish",4.29,7402,647,23.6
"262","22033003802","22","Louisiana","033","East Baton Rouge Parish",2.061,4861,451,18.3
"263","22033003804","22","Louisiana","033","East Baton Rouge Parish",2.016,4844,637,21.1
"264","22033003805","22","Louisiana","033","East Baton Rouge Parish",3.129,7275,523,18.7
"265","22033003904","22","Louisiana","033","East Baton Rouge Parish",1.213,6144,727,27.2
"266","22033003906","22","Louisiana","033","East Baton Rouge Parish",2.415,9384,636,19.2
"267","22033003907","22","Louisiana","033","East Baton Rouge Parish",1.36,6059,672,21.6
"268","22033003908","22","Louisiana","033","East Baton Rouge Parish",2.229,3620,339,19.3
"269","22033003909","22","Louisiana","033","East Baton Rouge Parish",1.35,5528,953,26.3
"270","22033003910","22","Louisiana","033","East Baton Rouge Parish",0.983,2892,438,32.9
"271","22033004005","22","Louisiana","033","East Baton Rouge Parish",2.309,5912,937,20.9
"272","22033004006","22","Louisiana","033","East Baton Rouge Parish",3.11,8980,681,18.5
"273","22033004009","22","Louisiana","033","East Baton Rouge Parish",8.75,8767,794,22.4
"274","22033004010","22","Louisiana","033","East Baton Rouge Parish",1.645,4955,398,15.3
"275","22033004011","22","Louisiana","033","East Baton Rouge Parish",6.721,6941,770,31.6
"276","22033004013","22","Louisiana","033","East Baton Rouge Parish",1.707,4064,579,34.5
"277","22033004014","22","Louisiana","033","East Baton Rouge Parish",10.947,11275,1109,32.7
"278","22033004015","22","Louisiana","033","East Baton Rouge Parish",1.611,7954,823,29.7
"279","22033004016","22","Louisiana","033","East Baton Rouge Parish",15.632,8533,739,14
"280","22033004201","22","Louisiana","033","East Baton Rouge Parish",5.238,6228,834,26.5
"281","22033004203","22","Louisiana","033","East Baton Rouge Parish",9.558,3115,395,25.8
"282","22033004204","22","Louisiana","033","East Baton Rouge Parish",5.843,4395,536,27.6
"283","22033004205","22","Louisiana","033","East Baton Rouge Parish",1.859,5456,520,23.4
"284","22033004301","22","Louisiana","033","East Baton Rouge Parish",23.454,6466,526,18.2
"285","22033004302","22","Louisiana","033","East Baton Rouge Parish",12.235,5638,447,15.7
"286","22033004401","22","Louisiana","033","East Baton Rouge Parish",9.142,4667,433,15.6
"287","22033004402","22","Louisiana","033","East Baton Rouge Parish",9.929,6810,487,15.3
"288","22033004403","22","Louisiana","033","East Baton Rouge Parish",10.612,5970,599,16.2
"289","22033004503","22","Louisiana","033","East Baton Rouge Parish",4.299,5237,1026,24.5
"290","22033004504","22","Louisiana","033","East Baton Rouge Parish",2.718,5995,699,22.1
"291","22033004505","22","Louisiana","033","East Baton Rouge Parish",5.153,7371,845,25.7
"292","22033004507","22","Louisiana","033","East Baton Rouge Parish",1.619,5371,470,19
"293","22033004508","22","Louisiana","033","East Baton Rouge Parish",3.164,8837,612,12.5
"294","22033004509","22","Louisiana","033","East Baton Rouge Parish",4.229,7187,740,23.3
"295","22033004510","22","Louisiana","033","East Baton Rouge Parish",14.361,8406,991,20.5
"296","22033004602","22","Louisiana","033","East Baton Rouge Parish",20.678,5842,630,25.2
"297","22033004603","22","Louisiana","033","East Baton Rouge Parish",49.414,4774,431,23
"298","22033004604","22","Louisiana","033","East Baton Rouge Parish",16.941,12364,823,18.6
"299","22033004700","22","Louisiana","033","East Baton Rouge Parish",80.787,6553,998,22.5
"300","22033004800","22","Louisiana","033","East Baton Rouge Parish",0.841,3698,569,24.5
"301","22033004900","22","Louisiana","033","East Baton Rouge Parish",1.877,4384,297,13.6
"302","22033005000","22","Louisiana","033","East Baton Rouge Parish",1.381,3358,303,10.8
"303","22033005100","22","Louisiana","033","East Baton Rouge Parish",1.817,3157,374,28.2
"304","22033005200","22","Louisiana","033","East Baton Rouge Parish",0.808,1778,259,26.6
"305","22033005300","22","Louisiana","033","East Baton Rouge Parish",1.022,2988,401,28.3
"306","22033980000","22","Louisiana","033","East Baton Rouge Parish",1.212,0,12,NA
"307","22035000100","22","Louisiana","035","East Carroll Parish",129.159,1909,271,23
"308","22035000200","22","Louisiana","035","East Carroll Parish",287.665,3080,589,25
"309","22035000300","22","Louisiana","035","East Carroll Parish",3.88,2329,656,31.8
"310","22037951300","22","Louisiana","037","East Feliciana Parish",145.636,2698,314,21.1
"311","22037951400","22","Louisiana","037","East Feliciana Parish",58.662,3508,375,22.2
"312","22037951501","22","Louisiana","037","East Feliciana Parish",21.478,1275,151,17.5
"313","22037951502","22","Louisiana","037","East Feliciana Parish",96.522,7536,411,23.2
"314","22037951600","22","Louisiana","037","East Feliciana Parish",131.111,4536,382,22.6
"315","22039950100","22","Louisiana","039","Evangeline Parish",159.415,6511,682,21.8
"316","22039950200","22","Louisiana","039","Evangeline Parish",179.857,1738,246,18.5
"317","22039950300","22","Louisiana","039","Evangeline Parish",129.698,4951,494,23
"318","22039950400","22","Louisiana","039","Evangeline Parish",54.543,6126,477,21.9
"319","22039950500","22","Louisiana","039","Evangeline Parish",3.514,3463,426,24.5
"320","22039950600","22","Louisiana","039","Evangeline Parish",2.757,3478,417,27.2
"321","22039950700","22","Louisiana","039","Evangeline Parish",51.292,3413,349,18.4
"322","22039950800","22","Louisiana","039","Evangeline Parish",81.301,4070,363,21.3
"323","22041950100","22","Louisiana","041","Franklin Parish",174.397,3977,366,19
"324","22041950200","22","Louisiana","041","Franklin Parish",87.293,4473,537,20
"325","22041950300","22","Louisiana","041","Franklin Parish",9.2,5425,274,26.9
"326","22041950400","22","Louisiana","041","Franklin Parish",194.651,2711,300,18.5
"327","22041950500","22","Louisiana","041","Franklin Parish",115.012,1535,199,18.7
"328","22041950600","22","Louisiana","041","Franklin Parish",44.031,2267,346,23.3
"329","22043020100","22","Louisiana","043","Grant Parish",240.004,2790,338,18.1
"330","22043020200","22","Louisiana","043","Grant Parish",131.129,2856,370,20.2
"331","22043020300","22","Louisiana","043","Grant Parish",62.258,3024,315,23.2
"332","22043020401","22","Louisiana","043","Grant Parish",164.259,5491,652,20.9
"333","22043020402","22","Louisiana","043","Grant Parish",45.376,8144,646,25.2
"334","22045030100","22","Louisiana","045","Iberia Parish",148.981,6815,609,24.4
"335","22045030200","22","Louisiana","045","Iberia Parish",69.158,6812,607,21.7
"336","22045030301","22","Louisiana","045","Iberia Parish",16.587,3931,362,21.5
"337","22045030302","22","Louisiana","045","Iberia Parish",49.746,6366,504,22.4
"338","22045030400","22","Louisiana","045","Iberia Parish",58.152,7666,859,24.1
"339","22045030500","22","Louisiana","045","Iberia Parish",2.512,4641,547,21.9
"340","22045030600","22","Louisiana","045","Iberia Parish",7.643,6526,495,17.5
"341","22045030700","22","Louisiana","045","Iberia Parish",1.033,3945,367,18.3
"342","22045030800","22","Louisiana","045","Iberia Parish",0.473,2202,352,29.7
"343","22045030900","22","Louisiana","045","Iberia Parish",0.537,3115,443,25
"344","22045031000","22","Louisiana","045","Iberia Parish",0.771,3321,436,28.6
"345","22045031100","22","Louisiana","045","Iberia Parish",2.404,4891,769,25
"346","22045031200","22","Louisiana","045","Iberia Parish",1.897,3145,332,18.3
"347","22045031300","22","Louisiana","045","Iberia Parish",45.116,6269,576,21.1
"348","22045031600","22","Louisiana","045","Iberia Parish",169.105,3701,502,25.7
"349","22045990000","22","Louisiana","045","Iberia Parish",0,0,12,NA
"350","22047952600","22","Louisiana","047","Iberville Parish",85.45,2767,376,22.7
"351","22047952700","22","Louisiana","047","Iberville Parish",206.404,6157,602,22
"352","22047952900","22","Louisiana","047","Iberville Parish",178.063,5741,596,23.3
"353","22047953000","22","Louisiana","047","Iberville Parish",82.507,2270,293,23.6
"354","22047953101","22","Louisiana","047","Iberville Parish",3.452,5862,566,26.4
"355","22047953102","22","Louisiana","047","Iberville Parish",11.587,1997,284,24.2
"356","22047953200","22","Louisiana","047","Iberville Parish",51.163,8328,230,22.5
"357","22049970100","22","Louisiana","049","Jackson Parish",262.338,2819,226,21.6
"358","22049970200","22","Louisiana","049","Jackson Parish",106.557,3384,263,18.7
"359","22049970300","22","Louisiana","049","Jackson Parish",164.661,4573,341,20.6
"360","22049970400","22","Louisiana","049","Jackson Parish",18.4,3479,285,25.3
"361","22049970500","22","Louisiana","049","Jackson Parish",17.226,1697,220,20
"362","22051020101","22","Louisiana","051","Jefferson Parish",0.472,2887,256,19.9
"363","22051020102","22","Louisiana","051","Jefferson Parish",0.623,3061,260,13.9
"364","22051020201","22","Louisiana","051","Jefferson Parish",0.61,2753,319,21.3
"365","22051020202","22","Louisiana","051","Jefferson Parish",0.195,3342,356,30.2
"366","22051020203","22","Louisiana","051","Jefferson Parish",1.187,8127,498,15.5
"367","22051020301","22","Louisiana","051","Jefferson Parish",0.678,3663,245,8.5
"368","22051020302","22","Louisiana","051","Jefferson Parish",0.82,5912,634,18.9
"369","22051020303","22","Louisiana","051","Jefferson Parish",0.647,3799,304,14.4
"370","22051020400","22","Louisiana","051","Jefferson Parish",0.438,3041,215,7.8
"371","22051020502","22","Louisiana","051","Jefferson Parish",1.043,6439,723,23.6
"372","22051020505","22","Louisiana","051","Jefferson Parish",0.336,1770,220,30.2
"373","22051020506","22","Louisiana","051","Jefferson Parish",0.691,4796,406,23.6
"374","22051020507","22","Louisiana","051","Jefferson Parish",0.557,4358,349,21.4
"375","22051020508","22","Louisiana","051","Jefferson Parish",1.429,8141,962,22.5
"376","22051020511","22","Louisiana","051","Jefferson Parish",0.402,3828,440,21.2
"377","22051020512","22","Louisiana","051","Jefferson Parish",0.714,2420,315,19.5
"378","22051020513","22","Louisiana","051","Jefferson Parish",0.563,5085,503,24.2
"379","22051020514","22","Louisiana","051","Jefferson Parish",0.618,3854,214,5.5
"380","22051020515","22","Louisiana","051","Jefferson Parish",0.535,3217,267,17.5
"381","22051020516","22","Louisiana","051","Jefferson Parish",0.46,4750,521,28.4
"382","22051020517","22","Louisiana","051","Jefferson Parish",0.855,3578,369,18.7
"383","22051020600","22","Louisiana","051","Jefferson Parish",1.381,4751,446,35.7
"384","22051020700","22","Louisiana","051","Jefferson Parish",0.908,873,197,25.5
"385","22051021000","22","Louisiana","051","Jefferson Parish",0.614,2720,298,20.6
"386","22051021100","22","Louisiana","051","Jefferson Parish",0.431,2215,298,21
"387","22051021200","22","Louisiana","051","Jefferson Parish",0.498,2598,367,23.6
"388","22051021300","22","Louisiana","051","Jefferson Parish",0.623,3173,247,16
"389","22051021400","22","Louisiana","051","Jefferson Parish",0.286,2226,174,12.8
"390","22051021500","22","Louisiana","051","Jefferson Parish",0.346,2893,370,28.8
"391","22051021600","22","Louisiana","051","Jefferson Parish",0.926,6131,455,23.6
"392","22051021700","22","Louisiana","051","Jefferson Parish",0.832,5836,537,23.8
"393","22051021801","22","Louisiana","051","Jefferson Parish",0.438,2406,205,20.8
"394","22051021803","22","Louisiana","051","Jefferson Parish",0.322,4905,562,34.7
"395","22051021804","22","Louisiana","051","Jefferson Parish",0.426,2005,261,35.4
"396","22051021900","22","Louisiana","051","Jefferson Parish",0.179,1748,235,25.3
"397","22051022001","22","Louisiana","051","Jefferson Parish",0.552,5088,365,27.6
"398","22051022002","22","Louisiana","051","Jefferson Parish",0.367,2719,216,11.7
"399","22051022101","22","Louisiana","051","Jefferson Parish",0.23,1471,114,12.2
"400","22051022102","22","Louisiana","051","Jefferson Parish",0.432,2177,326,18.2
"401","22051022200","22","Louisiana","051","Jefferson Parish",0.411,2442,253,13.9
"402","22051022301","22","Louisiana","051","Jefferson Parish",0.396,2889,228,17
"403","22051022302","22","Louisiana","051","Jefferson Parish",0.336,1842,152,20
"404","22051022303","22","Louisiana","051","Jefferson Parish",0.204,3297,460,29
"405","22051022400","22","Louisiana","051","Jefferson Parish",0.473,3447,211,15.2
"406","22051022500","22","Louisiana","051","Jefferson Parish",0.501,2850,255,18.5
"407","22051022600","22","Louisiana","051","Jefferson Parish",0.539,3010,205,14.6
"408","22051022700","22","Louisiana","051","Jefferson Parish",0.43,2957,287,16.3
"409","22051022800","22","Louisiana","051","Jefferson Parish",0.458,3225,429,19.2
"410","22051022900","22","Louisiana","051","Jefferson Parish",0.403,2800,327,20.9
"411","22051023001","22","Louisiana","051","Jefferson Parish",0.273,1837,137,11.2
"412","22051023002","22","Louisiana","051","Jefferson Parish",0.635,5104,299,13.5
"413","22051023003","22","Louisiana","051","Jefferson Parish",0.433,2822,208,11.9
"414","22051023100","22","Louisiana","051","Jefferson Parish",0.405,2711,331,19.3
"415","22051023200","22","Louisiana","051","Jefferson Parish",0.62,2762,319,19.4
"416","22051023300","22","Louisiana","051","Jefferson Parish",0.274,1698,125,11.4
"417","22051023400","22","Louisiana","051","Jefferson Parish",0.472,3568,425,15.4
"418","22051023500","22","Louisiana","051","Jefferson Parish",0.647,4124,318,14.6
"419","22051023600","22","Louisiana","051","Jefferson Parish",0.776,4845,543,21.4
"420","22051023700","22","Louisiana","051","Jefferson Parish",0.446,2016,289,29.5
"421","22051023800","22","Louisiana","051","Jefferson Parish",0.665,3938,497,23.5
"422","22051023901","22","Louisiana","051","Jefferson Parish",0.44,2497,159,13.8
"423","22051023902","22","Louisiana","051","Jefferson Parish",0.573,2182,147,11.7
"424","22051023903","22","Louisiana","051","Jefferson Parish",0.494,2281,209,12.8
"425","22051023904","22","Louisiana","051","Jefferson Parish",0.625,2911,287,18.9
"426","22051024001","22","Louisiana","051","Jefferson Parish",0.452,2771,235,12.6
"427","22051024002","22","Louisiana","051","Jefferson Parish",0.958,3054,261,16
"428","22051024100","22","Louisiana","051","Jefferson Parish",0.564,3542,295,20.5
"429","22051024201","22","Louisiana","051","Jefferson Parish",1.465,2056,262,22.9
"430","22051024202","22","Louisiana","051","Jefferson Parish",2.705,3296,361,30.1
"431","22051024300","22","Louisiana","051","Jefferson Parish",0.847,2872,362,21.2
"432","22051024400","22","Louisiana","051","Jefferson Parish",0.443,3035,329,22.1
"433","22051024500","22","Louisiana","051","Jefferson Parish",0.466,1413,143,19.5
"434","22051024600","22","Louisiana","051","Jefferson Parish",0.425,1221,260,22.6
"435","22051024700","22","Louisiana","051","Jefferson Parish",0.285,1583,215,21.2
"436","22051024800","22","Louisiana","051","Jefferson Parish",1.474,3779,251,13.7
"437","22051024900","22","Louisiana","051","Jefferson Parish",0.862,1464,197,25.2
"438","22051025001","22","Louisiana","051","Jefferson Parish",1.139,8030,1216,27.7
"439","22051025002","22","Louisiana","051","Jefferson Parish",0.489,2997,341,21.6
"440","22051025003","22","Louisiana","051","Jefferson Parish",0.483,4085,434,22.5
"441","22051025102","22","Louisiana","051","Jefferson Parish",1.203,4120,431,18.3
"442","22051025103","22","Louisiana","051","Jefferson Parish",0.705,3821,460,23.8
"443","22051025104","22","Louisiana","051","Jefferson Parish",0.451,4416,580,24.7
"444","22051025201","22","Louisiana","051","Jefferson Parish",0.578,2404,350,30.9
"445","22051025202","22","Louisiana","051","Jefferson Parish",0.725,6565,825,27
"446","22051025300","22","Louisiana","051","Jefferson Parish",0.515,1992,200,20.9
"447","22051025400","22","Louisiana","051","Jefferson Parish",0.755,3968,438,27.4
"448","22051025500","22","Louisiana","051","Jefferson Parish",0.338,2928,297,29.5
"449","22051025600","22","Louisiana","051","Jefferson Parish",0.417,1725,154,23
"450","22051025700","22","Louisiana","051","Jefferson Parish",0.388,1008,163,26
"451","22051025800","22","Louisiana","051","Jefferson Parish",0.464,1739,229,24.5
"452","22051025900","22","Louisiana","051","Jefferson Parish",0.605,3765,346,25.2
"453","22051026000","22","Louisiana","051","Jefferson Parish",0.893,1785,199,20
"454","22051026100","22","Louisiana","051","Jefferson Parish",0.846,4560,496,27.7
"455","22051026200","22","Louisiana","051","Jefferson Parish",0.731,1052,139,25.5
"456","22051026300","22","Louisiana","051","Jefferson Parish",1.082,2556,255,19.8
"457","22051026400","22","Louisiana","051","Jefferson Parish",0.244,1731,191,17.8
"458","22051026500","22","Louisiana","051","Jefferson Parish",0.421,2132,293,18.1
"459","22051026600","22","Louisiana","051","Jefferson Parish",0.535,1972,217,20.6
"460","22051026700","22","Louisiana","051","Jefferson Parish",0.814,1866,259,21.4
"461","22051026800","22","Louisiana","051","Jefferson Parish",0.514,2725,324,26.5
"462","22051026900","22","Louisiana","051","Jefferson Parish",0.988,3356,405,29.2
"463","22051027000","22","Louisiana","051","Jefferson Parish",0.99,5457,828,22.3
"464","22051027100","22","Louisiana","051","Jefferson Parish",1.141,3274,343,25.7
"465","22051027200","22","Louisiana","051","Jefferson Parish",0.896,4678,355,23
"466","22051027501","22","Louisiana","051","Jefferson Parish",6.067,6409,728,23.5
"467","22051027502","22","Louisiana","051","Jefferson Parish",4.359,3317,398,22.6
"468","22051027601","22","Louisiana","051","Jefferson Parish",9.07,5335,357,23.3
"469","22051027602","22","Louisiana","051","Jefferson Parish",12.981,3326,497,30.6
"470","22051027701","22","Louisiana","051","Jefferson Parish",7.158,5496,550,26.6
"471","22051027703","22","Louisiana","051","Jefferson Parish",0.558,4289,409,25.7
"472","22051027803","22","Louisiana","051","Jefferson Parish",1.295,3154,330,27.4
"473","22051027804","22","Louisiana","051","Jefferson Parish",1.832,8286,938,20.8
"474","22051027805","22","Louisiana","051","Jefferson Parish",2.619,8803,738,20.1
"475","22051027806","22","Louisiana","051","Jefferson Parish",1.251,6086,488,18.5
"476","22051027807","22","Louisiana","051","Jefferson Parish",3.095,9066,496,14.4
"477","22051027809","22","Louisiana","051","Jefferson Parish",9.239,6768,993,23.3
"478","22051027810","22","Louisiana","051","Jefferson Parish",0.567,4322,435,18
"479","22051027811","22","Louisiana","051","Jefferson Parish",0.389,2956,329,25.2
"480","22051027812","22","Louisiana","051","Jefferson Parish",4.562,3771,464,27
"481","22051027901","22","Louisiana","051","Jefferson Parish",26.554,2703,263,18.8
"482","22051027902","22","Louisiana","051","Jefferson Parish",109.446,1872,358,18.4
"483","22051028000","22","Louisiana","051","Jefferson Parish",20.286,5350,249,19.4
"484","22051028100","22","Louisiana","051","Jefferson Parish",0.931,1860,281,25.9
"485","22051028200","22","Louisiana","051","Jefferson Parish",5.583,4265,488,26.4
"486","22051980000","22","Louisiana","051","Jefferson Parish",1.901,0,12,NA
"487","22051990000","22","Louisiana","051","Jefferson Parish",0,0,12,NA
"488","22051990100","22","Louisiana","051","Jefferson Parish",0,0,12,NA
"489","22053000100","22","Louisiana","053","Jefferson Davis Parish",199.127,5367,492,20.2
"490","22053000200","22","Louisiana","053","Jefferson Davis Parish",232.469,4949,435,19.6
"491","22053000300","22","Louisiana","053","Jefferson Davis Parish",83.859,5094,374,22.1
"492","22053000400","22","Louisiana","053","Jefferson Davis Parish",120.804,5916,369,21.2
"493","22053000500","22","Louisiana","053","Jefferson Davis Parish",4.898,5146,423,18.4
"494","22053000600","22","Louisiana","053","Jefferson Davis Parish",3.562,2992,413,26
"495","22053000700","22","Louisiana","053","Jefferson Davis Parish",6.609,1941,259,21
"496","22055000100","22","Louisiana","055","Lafayette Parish",0.832,3078,298,28.3
"497","22055000200","22","Louisiana","055","Lafayette Parish",0.884,2496,355,29.2
"498","22055000500","22","Louisiana","055","Lafayette Parish",1.081,2887,267,22.5
"499","22055000602","22","Louisiana","055","Lafayette Parish",1.475,4738,443,23.7
"500","22055000603","22","Louisiana","055","Lafayette Parish",1.358,2572,345,23.1
"501","22055000604","22","Louisiana","055","Lafayette Parish",1.291,6942,689,26.3
"502","22055000700","22","Louisiana","055","Lafayette Parish",2.555,2927,392,30.8
"503","22055000800","22","Louisiana","055","Lafayette Parish",0.643,3214,527,28.5
"504","22055000900","22","Louisiana","055","Lafayette Parish",0.399,1987,262,27.8
"505","22055001001","22","Louisiana","055","Lafayette Parish",8.496,4974,718,25.1
"506","22055001002","22","Louisiana","055","Lafayette Parish",1.794,3626,350,25.7
"507","22055001003","22","Louisiana","055","Lafayette Parish",4.915,3974,429,20.5
"508","22055001100","22","Louisiana","055","Lafayette Parish",1.896,6572,825,28.3
"509","22055001200","22","Louisiana","055","Lafayette Parish",6.175,8403,760,25
"510","22055001300","22","Louisiana","055","Lafayette Parish",4.542,5132,586,22.3
"511","22055001401","22","Louisiana","055","Lafayette Parish",5.366,9520,534,18.1
"512","22055001402","22","Louisiana","055","Lafayette Parish",12.854,8207,737,18.3
"513","22055001403","22","Louisiana","055","Lafayette Parish",2.826,5189,418,17.8
"514","22055001404","22","Louisiana","055","Lafayette Parish",5.665,9196,627,16.8
"515","22055001405","22","Louisiana","055","Lafayette Parish",3.148,9113,727,22.1
"516","22055001406","22","Louisiana","055","Lafayette Parish",2.732,5380,626,23.9
"517","22055001407","22","Louisiana","055","Lafayette Parish",2.317,6054,470,14.5
"518","22055001409","22","Louisiana","055","Lafayette Parish",11.239,10005,845,17.9
"519","22055001410","22","Louisiana","055","Lafayette Parish",24.089,16466,982,20.4
"520","22055001411","22","Louisiana","055","Lafayette Parish",11.704,2221,286,20.8
"521","22055001500","22","Louisiana","055","Lafayette Parish",2.111,5344,530,17.5
"522","22055001600","22","Louisiana","055","Lafayette Parish",0.951,3140,252,11.2
"523","22055001700","22","Louisiana","055","Lafayette Parish",1.985,7625,601,15.4
"524","22055001801","22","Louisiana","055","Lafayette Parish",0.717,3204,470,25
"525","22055001802","22","Louisiana","055","Lafayette Parish",0.885,4002,512,25.9
"526","22055001901","22","Louisiana","055","Lafayette Parish",43.291,6764,658,21.5
"527","22055001902","22","Louisiana","055","Lafayette Parish",6.577,6880,650,20.2
"528","22055001903","22","Louisiana","055","Lafayette Parish",6.162,6350,762,25.9
"529","22055001904","22","Louisiana","055","Lafayette Parish",2.03,4337,389,18.2
"530","22055001905","22","Louisiana","055","Lafayette Parish",12.491,6261,872,20.9
"531","22055002001","22","Louisiana","055","Lafayette Parish",16.973,5224,594,24.1
"532","22055002002","22","Louisiana","055","Lafayette Parish",9.576,6708,731,23.5
"533","22055002101","22","Louisiana","055","Lafayette Parish",7.463,6144,667,21.3
"534","22055002102","22","Louisiana","055","Lafayette Parish",8.929,4749,438,21.4
"535","22055002103","22","Louisiana","055","Lafayette Parish",4.298,4599,440,22.5
"536","22055002104","22","Louisiana","055","Lafayette Parish",21.542,5565,689,17.9
"537","22055002200","22","Louisiana","055","Lafayette Parish",1.387,6461,620,29.7
"538","22055980000","22","Louisiana","055","Lafayette Parish",1.075,0,12,NA
"539","22057020100","22","Louisiana","057","Lafourche Parish",0.661,2682,291,20.1
"540","22057020202","22","Louisiana","057","Lafourche Parish",4.185,3717,346,17.9
"541","22057020400","22","Louisiana","057","Lafourche Parish",0.653,2149,326,26.6
"542","22057020500","22","Louisiana","057","Lafourche Parish",3.575,6213,464,20.8
"543","22057020600","22","Louisiana","057","Lafourche Parish",0.672,2392,244,17.7
"544","22057020702","22","Louisiana","057","Lafourche Parish",45.138,3508,445,23.9
"545","22057020703","22","Louisiana","057","Lafourche Parish",5.673,5577,375,17.5
"546","22057020704","22","Louisiana","057","Lafourche Parish",55.422,5829,436,20.6
"547","22057020800","22","Louisiana","057","Lafourche Parish",81.285,3439,282,16
"548","22057020900","22","Louisiana","057","Lafourche Parish",10.86,2096,270,22.4
"549","22057021000","22","Louisiana","057","Lafourche Parish",212.981,3188,353,20.1
"550","22057021100","22","Louisiana","057","Lafourche Parish",302.16,6915,583,20.6
"551","22057021200","22","Louisiana","057","Lafourche Parish",129.056,4630,481,21.4
"552","22057021300","22","Louisiana","057","Lafourche Parish",4.133,2332,265,21.3
"553","22057021400","22","Louisiana","057","Lafourche Parish",19.381,4082,445,18.7
"554","22057021500","22","Louisiana","057","Lafourche Parish",6.371,5308,425,20.1
"555","22057021601","22","Louisiana","057","Lafourche Parish",47.837,7609,502,19
"556","22057021602","22","Louisiana","057","Lafourche Parish",81.663,4004,445,21
"557","22057021700","22","Louisiana","057","Lafourche Parish",4.087,4008,361,21.8
"558","22057021800","22","Louisiana","057","Lafourche Parish",3.947,4834,390,20.2
"559","22057021901","22","Louisiana","057","Lafourche Parish",14.449,6666,818,18.3
"560","22057021902","22","Louisiana","057","Lafourche Parish",33.081,4632,453,21.1
"561","22057022000","22","Louisiana","057","Lafourche Parish",0.942,2302,215,21.2
"562","22057990000","22","Louisiana","057","Lafourche Parish",0,0,12,NA
"563","22059970100","22","Louisiana","059","La Salle Parish",183.273,4550,438,20.3
"564","22059970200","22","Louisiana","059","La Salle Parish",42.461,6086,503,21.9
"565","22059970300","22","Louisiana","059","La Salle Parish",398.95,4294,462,20.3
"566","22061960100","22","Louisiana","061","Lincoln Parish",121.823,4028,341,18.7
"567","22061960200","22","Louisiana","061","Lincoln Parish",149.731,4212,412,22.7
"568","22061960300","22","Louisiana","061","Lincoln Parish",13.86,5568,303,31.1
"569","22061960400","22","Louisiana","061","Lincoln Parish",5.899,5716,487,27.5
"570","22061960500","22","Louisiana","061","Lincoln Parish",5.307,4470,458,21.4
"571","22061960600","22","Louisiana","061","Lincoln Parish",19.358,4860,506,25.3
"572","22061960700","22","Louisiana","061","Lincoln Parish",126.267,6164,385,17.4
"573","22061960800","22","Louisiana","061","Lincoln Parish",10.268,3695,500,30.8
"574","22061960900","22","Louisiana","061","Lincoln Parish",1.007,2228,291,31.5
"575","22061961000","22","Louisiana","061","Lincoln Parish",18.222,6595,556,28.3
"576","22063040100","22","Louisiana","063","Livingston Parish",66.082,9443,900,18.1
"577","22063040201","22","Louisiana","063","Livingston Parish",56.793,6706,564,17.5
"578","22063040202","22","Louisiana","063","Livingston Parish",98.391,4766,450,20.8
"579","22063040301","22","Louisiana","063","Livingston Parish",25.756,10024,897,16.8
"580","22063040303","22","Louisiana","063","Livingston Parish",9.418,10856,829,17.6
"581","22063040304","22","Louisiana","063","Livingston Parish",13.736,6143,605,19
"582","22063040401","22","Louisiana","063","Livingston Parish",7.742,7739,654,22.7
"583","22063040402","22","Louisiana","063","Livingston Parish",16.625,8029,850,20.8
"584","22063040500","22","Louisiana","063","Livingston Parish",15.323,12628,908,20.6
"585","22063040600","22","Louisiana","063","Livingston Parish",4.708,8705,531,21.9
"586","22063040700","22","Louisiana","063","Livingston Parish",4.329,3757,409,20
"587","22063040802","22","Louisiana","063","Livingston Parish",60.727,6078,701,19.3
"588","22063040804","22","Louisiana","063","Livingston Parish",40.131,17714,1240,20.7
"589","22063040805","22","Louisiana","063","Livingston Parish",4.461,4878,431,22.8
"590","22063040806","22","Louisiana","063","Livingston Parish",27.024,7304,798,19.3
"591","22063040901","22","Louisiana","063","Livingston Parish",89.638,6747,659,19.7
"592","22063040902","22","Louisiana","063","Livingston Parish",107.284,5579,891,18.8
"593","22065960100","22","Louisiana","065","Madison Parish",176.222,1687,241,20.2
"594","22065960200","22","Louisiana","065","Madison Parish",444.902,3060,314,27.1
"595","22065960300","22","Louisiana","065","Madison Parish",0.893,2534,312,27.8
"596","22065960400","22","Louisiana","065","Madison Parish",1.053,1835,269,32.8
"597","22065960500","22","Louisiana","065","Madison Parish",1.366,2500,360,21.2
"598","22067950100","22","Louisiana","067","Morehouse Parish",273.414,1537,232,19.7
"599","22067950200","22","Louisiana","067","Morehouse Parish",104.227,5331,515,19.1
"600","22067950300","22","Louisiana","067","Morehouse Parish",147.58,2247,229,17.6
"601","22067950400","22","Louisiana","067","Morehouse Parish",1.871,3457,327,30.4
"602","22067950500","22","Louisiana","067","Morehouse Parish",2.934,4219,340,25.5
"603","22067950600","22","Louisiana","067","Morehouse Parish",178.898,2757,341,20.6
"604","22067950700","22","Louisiana","067","Morehouse Parish",82.485,2773,341,17
"605","22067950800","22","Louisiana","067","Morehouse Parish",3.524,3969,394,28.3
"606","22069000100","22","Louisiana","069","Natchitoches Parish",255.961,2043,337,19.9
"607","22069000200","22","Louisiana","069","Natchitoches Parish",82.098,3572,374,26.3
"608","22069000300","22","Louisiana","069","Natchitoches Parish",219.915,4573,432,21.6
"609","22069000400","22","Louisiana","069","Natchitoches Parish",10.306,3730,469,27.7
"610","22069000500","22","Louisiana","069","Natchitoches Parish",2.677,3998,532,18.5
"611","22069000600","22","Louisiana","069","Natchitoches Parish",16.943,8101,643,31
"612","22069000700","22","Louisiana","069","Natchitoches Parish",1.332,3846,568,32
"613","22069000800","22","Louisiana","069","Natchitoches Parish",275.084,4237,424,21.7
"614","22069000900","22","Louisiana","069","Natchitoches Parish",387.934,4951,488,24.4
"615","22071000100","22","Louisiana","071","Orleans Parish",0.284,2811,311,19.3
"616","22071000200","22","Louisiana","071","Orleans Parish",0.185,1513,376,28.7
"617","22071000300","22","Louisiana","071","Orleans Parish",0.245,1228,233,26.8
"618","22071000400","22","Louisiana","071","Orleans Parish",0.578,2034,382,26.7
"619","22071000601","22","Louisiana","071","Orleans Parish",0.189,1037,205,35.4
"620","22071000602","22","Louisiana","071","Orleans Parish",0.639,2530,463,24.3
"621","22071000603","22","Louisiana","071","Orleans Parish",0.225,979,212,36.3
"622","22071000604","22","Louisiana","071","Orleans Parish",0.668,4359,570,28.1
"623","22071000605","22","Louisiana","071","Orleans Parish",0.673,2321,226,27.5
"624","22071000606","22","Louisiana","071","Orleans Parish",0.685,4559,597,16.9
"625","22071000607","22","Louisiana","071","Orleans Parish",0.704,5057,466,17.1
"626","22071000611","22","Louisiana","071","Orleans Parish",0.781,5217,783,28
"627","22071000612","22","Louisiana","071","Orleans Parish",6.751,1791,317,16.5
"628","22071000613","22","Louisiana","071","Orleans Parish",1.054,5331,783,30.5
"629","22071000615","22","Louisiana","071","Orleans Parish",0.412,4903,480,29.1
"630","22071000616","22","Louisiana","071","Orleans Parish",0.754,4315,379,23.7
"631","22071000617","22","Louisiana","071","Orleans Parish",0.475,5030,679,33
"632","22071000618","22","Louisiana","071","Orleans Parish",1.473,4563,512,19.8
"633","22071000701","22","Louisiana","071","Orleans Parish",0.395,909,197,28.6
"634","22071000702","22","Louisiana","071","Orleans Parish",0.441,1816,264,25.3
"635","22071000800","22","Louisiana","071","Orleans Parish",0.233,1834,226,28.7
"636","22071000901","22","Louisiana","071","Orleans Parish",0.365,946,170,25.4
"637","22071000902","22","Louisiana","071","Orleans Parish",0.328,659,248,30
"638","22071000903","22","Louisiana","071","Orleans Parish",0.272,660,153,26.2
"639","22071000904","22","Louisiana","071","Orleans Parish",0.221,1014,166,29.7
"640","22071001100","22","Louisiana","071","Orleans Parish",0.631,1876,250,25.3
"641","22071001200","22","Louisiana","071","Orleans Parish",0.282,1824,164,21.4
"642","22071001301","22","Louisiana","071","Orleans Parish",0.225,1904,232,26.3
"643","22071001302","22","Louisiana","071","Orleans Parish",0.114,1137,198,28.5
"644","22071001401","22","Louisiana","071","Orleans Parish",0.315,1406,217,27.1
"645","22071001402","22","Louisiana","071","Orleans Parish",0.246,2006,293,26.7
"646","22071001500","22","Louisiana","071","Orleans Parish",0.315,850,206,27
"647","22071001600","22","Louisiana","071","Orleans Parish",0.055,0,12,NA
"648","22071001701","22","Louisiana","071","Orleans Parish",0.926,2243,260,25.9
"649","22071001702","22","Louisiana","071","Orleans Parish",0.714,3270,511,22.9
"650","22071001720","22","Louisiana","071","Orleans Parish",1.275,3183,375,32
"651","22071001722","22","Louisiana","071","Orleans Parish",0.974,4349,709,30.6
"652","22071001723","22","Louisiana","071","Orleans Parish",0.772,4562,413,25.8
"653","22071001724","22","Louisiana","071","Orleans Parish",1.454,4784,509,27.7
"654","22071001725","22","Louisiana","071","Orleans Parish",0.843,7096,1105,28.9
"655","22071001730","22","Louisiana","071","Orleans Parish",18.952,1007,168,26.5
"656","22071001734","22","Louisiana","071","Orleans Parish",46.622,977,130,13.3
"657","22071001735","22","Louisiana","071","Orleans Parish",0.529,2265,269,32.1
"658","22071001736","22","Louisiana","071","Orleans Parish",0.786,2181,325,31.6
"659","22071001737","22","Louisiana","071","Orleans Parish",0.405,3411,331,29.7
"660","22071001739","22","Louisiana","071","Orleans Parish",0.347,2106,266,25.9
"661","22071001740","22","Louisiana","071","Orleans Parish",0.894,5007,647,30.1
"662","22071001741","22","Louisiana","071","Orleans Parish",0.638,1568,209,25
"663","22071001743","22","Louisiana","071","Orleans Parish",0.35,2304,320,31.6
"664","22071001744","22","Louisiana","071","Orleans Parish",0.508,4862,727,36.3
"665","22071001745","22","Louisiana","071","Orleans Parish",0.521,3525,374,27.2
"666","22071001746","22","Louisiana","071","Orleans Parish",0.661,4278,572,30.4
"667","22071001747","22","Louisiana","071","Orleans Parish",2.767,4307,420,17.8
"668","22071001748","22","Louisiana","071","Orleans Parish",0.78,4731,629,25
"669","22071001749","22","Louisiana","071","Orleans Parish",0.359,3106,391,29.7
"670","22071001750","22","Louisiana","071","Orleans Parish",0.555,3770,535,30.8
"671","22071001751","22","Louisiana","071","Orleans Parish",16.272,753,227,32.1
"672","22071001800","22","Louisiana","071","Orleans Parish",0.176,1423,166,20.6
"673","22071001900","22","Louisiana","071","Orleans Parish",0.153,1368,243,27.8
"674","22071002000","22","Louisiana","071","Orleans Parish",0.157,1203,175,29.6
"675","22071002100","22","Louisiana","071","Orleans Parish",0.132,1106,198,30.6
"676","22071002200","22","Louisiana","071","Orleans Parish",0.136,1519,270,31.4
"677","22071002300","22","Louisiana","071","Orleans Parish",0.695,2109,286,28.6
"678","22071002401","22","Louisiana","071","Orleans Parish",0.276,2407,315,24.2
"679","22071002402","22","Louisiana","071","Orleans Parish",0.327,3156,404,27.7
"680","22071002501","22","Louisiana","071","Orleans Parish",0.373,2203,276,26.2
"681","22071002502","22","Louisiana","071","Orleans Parish",0.366,2479,276,24.7
"682","22071002503","22","Louisiana","071","Orleans Parish",0.309,2204,229,20.8
"683","22071002504","22","Louisiana","071","Orleans Parish",0.303,2797,415,23.5
"684","22071002600","22","Louisiana","071","Orleans Parish",0.126,1662,229,18.5
"685","22071002700","22","Louisiana","071","Orleans Parish",0.141,1450,319,29.2
"686","22071002800","22","Louisiana","071","Orleans Parish",0.175,1782,213,30.3
"687","22071002900","22","Louisiana","071","Orleans Parish",0.155,1224,254,31.1
"688","22071003000","22","Louisiana","071","Orleans Parish",0.143,1072,219,30.7
"689","22071003100","22","Louisiana","071","Orleans Parish",0.145,1307,209,29.6
"690","22071003301","22","Louisiana","071","Orleans Parish",0.528,2077,174,22.6
"691","22071003302","22","Louisiana","071","Orleans Parish",0.649,3443,396,20.5
"692","22071003303","22","Louisiana","071","Orleans Parish",0.29,2470,262,31
"693","22071003304","22","Louisiana","071","Orleans Parish",0.328,2459,262,29.8
"694","22071003307","22","Louisiana","071","Orleans Parish",0.259,1553,219,25.1
"695","22071003308","22","Louisiana","071","Orleans Parish",0.671,3390,355,27.4
"696","22071003400","22","Louisiana","071","Orleans Parish",0.144,1394,227,28.1
"697","22071003500","22","Louisiana","071","Orleans Parish",0.117,1308,236,25.8
"698","22071003600","22","Louisiana","071","Orleans Parish",0.149,1525,215,28
"699","22071003701","22","Louisiana","071","Orleans Parish",0.36,1971,225,22
"700","22071003702","22","Louisiana","071","Orleans Parish",0.502,3573,396,26.3
"701","22071003800","22","Louisiana","071","Orleans Parish",0.144,1109,210,16.9
"702","22071003900","22","Louisiana","071","Orleans Parish",0.227,1176,206,28.3
"703","22071004000","22","Louisiana","071","Orleans Parish",0.193,2009,286,27.4
"704","22071004100","22","Louisiana","071","Orleans Parish",0.178,1670,176,21
"705","22071004401","22","Louisiana","071","Orleans Parish",0.169,1139,180,30.1
"706","22071004402","22","Louisiana","071","Orleans Parish",0.102,358,299,NA
"707","22071004500","22","Louisiana","071","Orleans Parish",0.223,2628,327,30.4
"708","22071004600","22","Louisiana","071","Orleans Parish",0.272,2799,272,20.6
"709","22071004800","22","Louisiana","071","Orleans Parish",0.063,140,119,42.9
"710","22071004900","22","Louisiana","071","Orleans Parish",0.374,1349,236,33.2
"711","22071005000","22","Louisiana","071","Orleans Parish",0.27,1156,166,30.7
"712","22071005400","22","Louisiana","071","Orleans Parish",0.33,1749,274,24.2
"713","22071005500","22","Louisiana","071","Orleans Parish",0.657,2778,245,22
"714","22071005601","22","Louisiana","071","Orleans Parish",0.486,2337,211,19
"715","22071005602","22","Louisiana","071","Orleans Parish",0.481,2694,201,17.4
"716","22071005603","22","Louisiana","071","Orleans Parish",0.288,1537,131,18.1
"717","22071005604","22","Louisiana","071","Orleans Parish",0.355,1586,160,17.7
"718","22071006000","22","Louisiana","071","Orleans Parish",0.333,2343,410,34.8
"719","22071006300","22","Louisiana","071","Orleans Parish",0.15,1572,188,29.3
"720","22071006400","22","Louisiana","071","Orleans Parish",0.214,2439,316,28.1
"721","22071006500","22","Louisiana","071","Orleans Parish",0.308,2782,315,28.2
"722","22071006900","22","Louisiana","071","Orleans Parish",0.316,874,129,42.4
"723","22071007000","22","Louisiana","071","Orleans Parish",0.39,1907,375,33.6
"724","22071007101","22","Louisiana","071","Orleans Parish",0.266,2533,682,31
"725","22071007200","22","Louisiana","071","Orleans Parish",0.377,2672,338,34.6
"726","22071007501","22","Louisiana","071","Orleans Parish",0.329,2726,290,28.3
"727","22071007502","22","Louisiana","071","Orleans Parish",0.284,3422,551,30.9
"728","22071007604","22","Louisiana","071","Orleans Parish",0.917,1852,142,11.2
"729","22071007605","22","Louisiana","071","Orleans Parish",0.252,1647,293,27.8
"730","22071007606","22","Louisiana","071","Orleans Parish",0.693,4090,320,22.4
"731","22071007700","22","Louisiana","071","Orleans Parish",0.582,2306,305,25.4
"732","22071007800","22","Louisiana","071","Orleans Parish",0.122,1173,153,25.9
"733","22071008200","22","Louisiana","071","Orleans Parish",0.114,1494,224,25.3
"734","22071008300","22","Louisiana","071","Orleans Parish",0.124,1119,123,21.3
"735","22071008400","22","Louisiana","071","Orleans Parish",0.094,1002,131,27.5
"736","22071008500","22","Louisiana","071","Orleans Parish",0.112,1347,321,29.5
"737","22071008600","22","Louisiana","071","Orleans Parish",0.127,992,136,30.3
"738","22071008800","22","Louisiana","071","Orleans Parish",0.112,1870,209,24.1
"739","22071009000","22","Louisiana","071","Orleans Parish",0.217,2074,237,16.6
"740","22071009100","22","Louisiana","071","Orleans Parish",0.143,1758,361,26.4
"741","22071009200","22","Louisiana","071","Orleans Parish",0.123,1454,278,32.2
"742","22071009400","22","Louisiana","071","Orleans Parish",0.204,1574,303,34.1
"743","22071009600","22","Louisiana","071","Orleans Parish",0.133,1440,176,22.6
"744","22071009700","22","Louisiana","071","Orleans Parish",0.115,1316,156,21.1
"745","22071009900","22","Louisiana","071","Orleans Parish",0.305,2870,439,22
"746","22071010000","22","Louisiana","071","Orleans Parish",0.161,1522,197,26.7
"747","22071010100","22","Louisiana","071","Orleans Parish",0.19,1662,314,23.8
"748","22071010200","22","Louisiana","071","Orleans Parish",0.176,1909,283,28.6
"749","22071010300","22","Louisiana","071","Orleans Parish",0.231,3400,420,29.1
"750","22071010600","22","Louisiana","071","Orleans Parish",0.125,1470,222,22.9
"751","22071010700","22","Louisiana","071","Orleans Parish",0.173,1965,209,22.8
"752","22071010800","22","Louisiana","071","Orleans Parish",0.154,1402,144,17.9
"753","22071010900","22","Louisiana","071","Orleans Parish",0.31,2888,367,20.9
"754","22071011100","22","Louisiana","071","Orleans Parish",0.196,1844,221,25
"755","22071011200","22","Louisiana","071","Orleans Parish",0.153,1534,136,23.7
"756","22071011400","22","Louisiana","071","Orleans Parish",0.181,2025,138,16.4
"757","22071011500","22","Louisiana","071","Orleans Parish",0.177,1243,173,16.4
"758","22071011600","22","Louisiana","071","Orleans Parish",0.14,1558,141,13.9
"759","22071011700","22","Louisiana","071","Orleans Parish",0.405,3032,321,17.6
"760","22071011900","22","Louisiana","071","Orleans Parish",0.179,1784,221,25.4
"761","22071012000","22","Louisiana","071","Orleans Parish",0.66,1473,136,18.4
"762","22071012101","22","Louisiana","071","Orleans Parish",0.23,3264,255,24.8
"763","22071012102","22","Louisiana","071","Orleans Parish",0.298,4162,334,28.3
"764","22071012200","22","Louisiana","071","Orleans Parish",0.251,2327,241,19.4
"765","22071012300","22","Louisiana","071","Orleans Parish",0.182,2048,337,26.9
"766","22071012400","22","Louisiana","071","Orleans Parish",0.167,1669,237,23.3
"767","22071012500","22","Louisiana","071","Orleans Parish",0.249,1777,186,22.7
"768","22071012600","22","Louisiana","071","Orleans Parish",0.178,1685,158,23.6
"769","22071012700","22","Louisiana","071","Orleans Parish",0.202,2238,314,25.9
"770","22071012800","22","Louisiana","071","Orleans Parish",0.223,2176,175,23.6
"771","22071012900","22","Louisiana","071","Orleans Parish",0.242,1452,209,21.6
"772","22071013000","22","Louisiana","071","Orleans Parish",0.143,1802,341,25.9
"773","22071013100","22","Louisiana","071","Orleans Parish",0.137,1380,231,30.4
"774","22071013200","22","Louisiana","071","Orleans Parish",0.359,2354,329,25.3
"775","22071013301","22","Louisiana","071","Orleans Parish",1.085,3699,286,13.5
"776","22071013302","22","Louisiana","071","Orleans Parish",1.466,2143,173,17.1
"777","22071013400","22","Louisiana","071","Orleans Parish",1.018,2970,350,26.3
"778","22071013500","22","Louisiana","071","Orleans Parish",0.337,2008,357,20.9
"779","22071013600","22","Louisiana","071","Orleans Parish",0.114,938,221,24.5
"780","22071013700","22","Louisiana","071","Orleans Parish",1.941,2713,378,33.4
"781","22071013800","22","Louisiana","071","Orleans Parish",0.344,2707,305,33.9
"782","22071013900","22","Louisiana","071","Orleans Parish",0.202,1739,242,27.7
"783","22071014000","22","Louisiana","071","Orleans Parish",0.219,2007,300,33.2
"784","22071014100","22","Louisiana","071","Orleans Parish",0.238,2012,455,29.7
"785","22071014200","22","Louisiana","071","Orleans Parish",0.406,1718,162,21.6
"786","22071014300","22","Louisiana","071","Orleans Parish",0.183,2192,316,34.9
"787","22071014400","22","Louisiana","071","Orleans Parish",0.687,1619,180,23.2
"788","22071014500","22","Louisiana","071","Orleans Parish",0.08,2102,550,NA
"789","22071980000","22","Louisiana","071","Orleans Parish",1.929,10,15,NA
"790","22071980100","22","Louisiana","071","Orleans Parish",12.039,0,12,NA
"791","22071990000","22","Louisiana","071","Orleans Parish",0,0,12,NA
"792","22073000100","22","Louisiana","073","Ouachita Parish",1.612,4790,738,23.1
"793","22073000200","22","Louisiana","073","Ouachita Parish",2.15,5617,393,13.5
"794","22073000401","22","Louisiana","073","Ouachita Parish",4.184,2570,312,28.7
"795","22073000402","22","Louisiana","073","Ouachita Parish",0.838,3144,380,30.1
"796","22073000500","22","Louisiana","073","Ouachita Parish",1.707,3001,413,27
"797","22073000600","22","Louisiana","073","Ouachita Parish",2.039,3371,453,28.1
"798","22073000700","22","Louisiana","073","Ouachita Parish",0.997,2153,275,32.9
"799","22073000900","22","Louisiana","073","Ouachita Parish",0.56,1605,326,36.4
"800","22073001100","22","Louisiana","073","Ouachita Parish",1.017,3233,362,32.9
"801","22073001400","22","Louisiana","073","Ouachita Parish",1.343,2459,287,29.7
"802","22073001500","22","Louisiana","073","Ouachita Parish",0.543,1417,236,31.7
"803","22073001700","22","Louisiana","073","Ouachita Parish",2.077,3398,287,21.9
"804","22073005100","22","Louisiana","073","Ouachita Parish",18.224,2037,220,19.1
"805","22073005201","22","Louisiana","073","Ouachita Parish",17.955,3522,277,13
"806","22073005203","22","Louisiana","073","Ouachita Parish",2.179,2935,405,20.7
"807","22073005204","22","Louisiana","073","Ouachita Parish",12.867,5803,495,15.7
"808","22073005301","22","Louisiana","073","Ouachita Parish",6.811,5546,707,18.7
"809","22073005302","22","Louisiana","073","Ouachita Parish",3.042,5469,599,20
"810","22073005400","22","Louisiana","073","Ouachita Parish",0.846,1926,237,20.6
"811","22073005500","22","Louisiana","073","Ouachita Parish",1.78,3149,437,26.1
"812","22073005800","22","Louisiana","073","Ouachita Parish",3.711,2471,404,26.2
"813","22073005900","22","Louisiana","073","Ouachita Parish",3.238,2922,582,25.5
"814","22073010101","22","Louisiana","073","Ouachita Parish",25.964,4666,439,22.2
"815","22073010102","22","Louisiana","073","Ouachita Parish",29.995,6620,662,25.7
"816","22073010201","22","Louisiana","073","Ouachita Parish",3.189,5383,593,22.8
"817","22073010202","22","Louisiana","073","Ouachita Parish",37.432,7182,498,17.5
"818","22073010301","22","Louisiana","073","Ouachita Parish",3.603,3391,389,16.5
"819","22073010302","22","Louisiana","073","Ouachita Parish",30.36,4774,428,21.7
"820","22073010400","22","Louisiana","073","Ouachita Parish",89.528,9648,807,17.9
"821","22073010502","22","Louisiana","073","Ouachita Parish",104.879,4641,408,19.9
"822","22073010503","22","Louisiana","073","Ouachita Parish",28.282,1777,282,20.1
"823","22073010504","22","Louisiana","073","Ouachita Parish",35.632,8251,650,19.9
"824","22073010603","22","Louisiana","073","Ouachita Parish",44.811,7690,837,30.3
"825","22073010604","22","Louisiana","073","Ouachita Parish",60.259,2027,223,22.9
"826","22073010700","22","Louisiana","073","Ouachita Parish",0.958,2809,402,29.4
"827","22073010800","22","Louisiana","073","Ouachita Parish",2.165,1876,324,29.5
"828","22073010900","22","Louisiana","073","Ouachita Parish",2.154,4927,456,30.1
"829","22073011000","22","Louisiana","073","Ouachita Parish",7.768,5254,621,31.1
"830","22073011100","22","Louisiana","073","Ouachita Parish",10.708,2979,369,28.8
"831","22073980000","22","Louisiana","073","Ouachita Parish",2.996,0,12,NA
"832","22075050100","22","Louisiana","075","Plaquemines Parish",376.537,1564,343,27.3
"833","22075050200","22","Louisiana","075","Plaquemines Parish",12.434,8377,582,20.3
"834","22075050300","22","Louisiana","075","Plaquemines Parish",12.478,5208,463,24.4
"835","22075050400","22","Louisiana","075","Plaquemines Parish",201.972,3236,525,23.8
"836","22075050500","22","Louisiana","075","Plaquemines Parish",3.726,1569,315,27.6
"837","22075050600","22","Louisiana","075","Plaquemines Parish",50.936,1054,160,24.1
"838","22075050700","22","Louisiana","075","Plaquemines Parish",5.08,1324,279,21.9
"839","22075050800","22","Louisiana","075","Plaquemines Parish",116.749,1062,219,22.8
"840","22075990000","22","Louisiana","075","Plaquemines Parish",0,0,12,NA
"841","22077951900","22","Louisiana","077","Pointe Coupee Parish",58.01,5494,507,26
"842","22077952000","22","Louisiana","077","Pointe Coupee Parish",257.332,2608,324,24.8
"843","22077952100","22","Louisiana","077","Pointe Coupee Parish",100.786,4871,489,21.2
"844","22077952200","22","Louisiana","077","Pointe Coupee Parish",36.584,3367,488,19
"845","22077952300","22","Louisiana","077","Pointe Coupee Parish",2.215,1478,294,17.3
"846","22077952400","22","Louisiana","077","Pointe Coupee Parish",102.42,4453,393,19.8
"847","22079010100","22","Louisiana","079","Rapides Parish",92.165,9880,650,16.3
"848","22079010300","22","Louisiana","079","Rapides Parish",9.947,5843,605,21.2
"849","22079010400","22","Louisiana","079","Rapides Parish",28.115,2322,278,14.6
"850","22079010500","22","Louisiana","079","Rapides Parish",49.241,5853,775,28.3
"851","22079010600","22","Louisiana","079","Rapides Parish",209.763,4772,640,22.6
"852","22079010700","22","Louisiana","079","Rapides Parish",72.271,4249,558,21.8
"853","22079011000","22","Louisiana","079","Rapides Parish",0.768,2640,675,29
"854","22079011300","22","Louisiana","079","Rapides Parish",6.804,2431,275,19.5
"855","22079011500","22","Louisiana","079","Rapides Parish",6.501,7381,681,22.1
"856","22079011600","22","Louisiana","079","Rapides Parish",1.834,2776,317,23.7
"857","22079011700","22","Louisiana","079","Rapides Parish",3.494,2525,298,29.7
"858","22079012000","22","Louisiana","079","Rapides Parish",0.666,1810,413,28.8
"859","22079012100","22","Louisiana","079","Rapides Parish",0.82,3015,441,27.6
"860","22079012200","22","Louisiana","079","Rapides Parish",1.132,3587,549,24.8
"861","22079012301","22","Louisiana","079","Rapides Parish",3.362,5984,638,19.8
"862","22079012302","22","Louisiana","079","Rapides Parish",1.398,4408,433,17.5
"863","22079012400","22","Louisiana","079","Rapides Parish",2.868,4511,544,21.3
"864","22079012500","22","Louisiana","079","Rapides Parish",5.914,6643,640,24.5
"865","22079012600","22","Louisiana","079","Rapides Parish",1.51,2365,206,20.9
"866","22079012700","22","Louisiana","079","Rapides Parish",8.307,2905,417,31.4
"867","22079012800","22","Louisiana","079","Rapides Parish",1.288,910,171,27.4
"868","22079012900","22","Louisiana","079","Rapides Parish",0.78,2898,477,30.3
"869","22079013000","22","Louisiana","079","Rapides Parish",6.502,2403,268,23.7
"870","22079013100","22","Louisiana","079","Rapides Parish",4.254,2503,443,25.9
"871","22079013200","22","Louisiana","079","Rapides Parish",92.918,8482,802,19.5
"872","22079013300","22","Louisiana","079","Rapides Parish",168.047,4575,468,20.9
"873","22079013400","22","Louisiana","079","Rapides Parish",136.446,3447,388,21.8
"874","22079013500","22","Louisiana","079","Rapides Parish",199.433,6048,622,22.5
"875","22079013600","22","Louisiana","079","Rapides Parish",145.039,2970,421,19.7
"876","22079013700","22","Louisiana","079","Rapides Parish",45.423,4768,480,23.4
"877","22079013800","22","Louisiana","079","Rapides Parish",6.018,4275,491,24.3
"878","22079013900","22","Louisiana","079","Rapides Parish",2.249,2887,275,27.6
"879","22079980000","22","Louisiana","079","Rapides Parish",2.686,14,25,0
"880","22081960100","22","Louisiana","081","Red River Parish",349.174,4620,333,20.8
"881","22081960300","22","Louisiana","081","Red River Parish",39.917,4103,333,25.1
"882","22083970100","22","Louisiana","083","Richland Parish",8.768,2953,38,24.7
"883","22083970200","22","Louisiana","083","Richland Parish",85.878,2152,235,20.4
"884","22083970300","22","Louisiana","083","Richland Parish",122.732,3150,337,20.4
"885","22083970400","22","Louisiana","083","Richland Parish",136.266,3534,299,18.5
"886","22083970500","22","Louisiana","083","Richland Parish",21.533,4947,440,28.5
"887","22083970600","22","Louisiana","083","Richland Parish",183.865,3883,341,20.8
"888","22085000100","22","Louisiana","085","Sabine Parish",185.851,3111,360,21.1
"889","22085000200","22","Louisiana","085","Sabine Parish",78.162,3991,345,21.2
"890","22085000300","22","Louisiana","085","Sabine Parish",10.733,2469,236,26.6
"891","22085000400","22","Louisiana","085","Sabine Parish",212.721,4539,392,21.6
"892","22085000500","22","Louisiana","085","Sabine Parish",26.089,3551,299,25.2
"893","22085000600","22","Louisiana","085","Sabine Parish",249.61,3455,328,21
"894","22085000700","22","Louisiana","085","Sabine Parish",103.496,3029,387,16.4
"895","22087030103","22","Louisiana","087","St. Bernard Parish",5.785,4881,443,19.6
"896","22087030104","22","Louisiana","087","St. Bernard Parish",8.362,1842,271,18.4
"897","22087030105","22","Louisiana","087","St. Bernard Parish",327.638,305,94,17.8
"898","22087030203","22","Louisiana","087","St. Bernard Parish",1.3,3472,427,21.9
"899","22087030204","22","Louisiana","087","St. Bernard Parish",23.262,3946,416,26.9
"900","22087030206","22","Louisiana","087","St. Bernard Parish",0.701,2420,201,18.9
"901","22087030207","22","Louisiana","087","St. Bernard Parish",0.707,4002,394,21.9
"902","22087030208","22","Louisiana","087","St. Bernard Parish",1.868,3325,278,19.3
"903","22087030209","22","Louisiana","087","St. Bernard Parish",1.775,3542,369,21.1
"904","22087030300","22","Louisiana","087","St. Bernard Parish",0.499,1452,223,22.9
"905","22087030400","22","Louisiana","087","St. Bernard Parish",1.885,1517,205,23.5
"906","22087030500","22","Louisiana","087","St. Bernard Parish",0.526,1647,237,19.1
"907","22087030601","22","Louisiana","087","St. Bernard Parish",0.826,1785,225,28.4
"908","22087030602","22","Louisiana","087","St. Bernard Parish",0.887,2918,234,26.3
"909","22087030603","22","Louisiana","087","St. Bernard Parish",0.272,1683,288,33.6
"910","22087030700","22","Louisiana","087","St. Bernard Parish",0.354,1688,256,22.4
"911","22087030800","22","Louisiana","087","St. Bernard Parish",0.869,4642,385,27.7
"912","22087990000","22","Louisiana","087","St. Bernard Parish",0,0,12,NA
"913","22089060100","22","Louisiana","089","St. Charles Parish",15.328,2164,203,20.2
"914","22089062100","22","Louisiana","089","St. Charles Parish",5.79,5757,493,26.6
"915","22089062200","22","Louisiana","089","St. Charles Parish",4.91,2533,334,24.3
"916","22089062301","22","Louisiana","089","St. Charles Parish",4.308,6039,465,19
"917","22089062302","22","Louisiana","089","St. Charles Parish",1.588,4700,321,15.3
"918","22089062400","22","Louisiana","089","St. Charles Parish",32.252,1221,249,27.8
"919","22089062500","22","Louisiana","089","St. Charles Parish",1.168,3126,259,16.5
"920","22089062700","22","Louisiana","089","St. Charles Parish",27.967,4932,445,25.8
"921","22089062800","22","Louisiana","089","St. Charles Parish",6.199,4894,463,24
"922","22089062900","22","Louisiana","089","St. Charles Parish",4.433,2404,239,16.7
"923","22089063000","22","Louisiana","089","St. Charles Parish",3.517,1361,205,22.7
"924","22089063100","22","Louisiana","089","St. Charles Parish",9.168,8178,553,16.4
"925","22089063200","22","Louisiana","089","St. Charles Parish",162.456,5419,509,17.6
"926","22091951100","22","Louisiana","091","St. Helena Parish",205.01,3733,430,22.6
"927","22091951200","22","Louisiana","091","St. Helena Parish",203.394,6776,430,24.3
"928","22093040100","22","Louisiana","093","St. James Parish",26.448,3757,235,24.9
"929","22093040200","22","Louisiana","093","St. James Parish",2.182,3363,108,18.9
"930","22093040300","22","Louisiana","093","St. James Parish",13.531,3710,296,17
"931","22093040400","22","Louisiana","093","St. James Parish",64.693,2262,302,25.8
"932","22093040500","22","Louisiana","093","St. James Parish",90.261,2243,273,28
"933","22093040600","22","Louisiana","093","St. James Parish",29.026,2596,308,27.1
"934","22093040700","22","Louisiana","093","St. James Parish",15.397,3554,364,19.3
"935","22095070100","22","Louisiana","095","St. John the Baptist Parish",99.488,2489,209,20
"936","22095070200","22","Louisiana","095","St. John the Baptist Parish",1.977,7753,799,24.5
"937","22095070300","22","Louisiana","095","St. John the Baptist Parish",1.552,5596,458,18.6
"938","22095070400","22","Louisiana","095","St. John the Baptist Parish",1.517,3771,435,17.7
"939","22095070500","22","Louisiana","095","St. John the Baptist Parish",9.19,6148,546,26.4
"940","22095070600","22","Louisiana","095","St. John the Baptist Parish",17.988,2225,336,23.1
"941","22095070700","22","Louisiana","095","St. John the Baptist Parish",10.225,4813,429,21.1
"942","22095070800","22","Louisiana","095","St. John the Baptist Parish",1.959,1860,321,25
"943","22095070900","22","Louisiana","095","St. John the Baptist Parish",2.537,3222,406,26.2
"944","22095071000","22","Louisiana","095","St. John the Baptist Parish",3.551,2587,328,25
"945","22095071100","22","Louisiana","095","St. John the Baptist Parish",63.086,3101,374,26.1
"946","22097960100","22","Louisiana","097","St. Landry Parish",151.261,2709,294,23.4
"947","22097960200","22","Louisiana","097","St. Landry Parish",171.567,4018,318,20.4
"948","22097960300","22","Louisiana","097","St. Landry Parish",65.225,3946,465,23.2
"949","22097960400","22","Louisiana","097","St. Landry Parish",149.296,1659,253,18.5
"950","22097960500","22","Louisiana","097","St. Landry Parish",76.992,5919,550,22.9
"951","22097960600","22","Louisiana","097","St. Landry Parish",56.137,6178,721,22.5
"952","22097960700","22","Louisiana","097","St. Landry Parish",66.266,6130,816,20.4
"953","22097960800","22","Louisiana","097","St. Landry Parish",45.204,3814,367,17
"954","22097960900","22","Louisiana","097","St. Landry Parish",2.509,4112,353,26.7
"955","22097961000","22","Louisiana","097","St. Landry Parish",0.966,2232,258,22.1
"956","22097961100","22","Louisiana","097","St. Landry Parish",1.262,3339,335,22.4
"957","22097961200","22","Louisiana","097","St. Landry Parish",28.142,5392,688,23
"958","22097961300","22","Louisiana","097","St. Landry Parish",1.874,4251,530,31.5
"959","22097961400","22","Louisiana","097","St. Landry Parish",1.684,4312,463,25.3
"960","22097961500","22","Louisiana","097","St. Landry Parish",2.66,4299,416,20.3
"961","22097961600","22","Louisiana","097","St. Landry Parish",1.741,4316,488,30.3
"962","22097961700","22","Louisiana","097","St. Landry Parish",41.796,6119,590,19.5
"963","22097961800","22","Louisiana","097","St. Landry Parish",50.022,7103,561,20.9
"964","22097961900","22","Louisiana","097","St. Landry Parish",9.279,3732,420,25.1
"965","22099020100","22","Louisiana","099","St. Martin Parish",313.41,5352,585,17.8
"966","22099020200","22","Louisiana","099","St. Martin Parish",49.838,7533,657,20.3
"967","22099020301","22","Louisiana","099","St. Martin Parish",17.48,4748,641,21.5
"968","22099020302","22","Louisiana","099","St. Martin Parish",27.056,7884,723,22.3
"969","22099020400","22","Louisiana","099","St. Martin Parish",37.946,6225,560,21.1
"970","22099020501","22","Louisiana","099","St. Martin Parish",30.486,4945,588,23.9
"971","22099020502","22","Louisiana","099","St. Martin Parish",4.898,4159,397,21.8
"972","22099020600","22","Louisiana","099","St. Martin Parish",34.388,6325,550,25
"973","22099020800","22","Louisiana","099","St. Martin Parish",38.571,3042,309,22.1
"974","22099020900","22","Louisiana","099","St. Martin Parish",6.811,1834,273,22.7
"975","22099021000","22","Louisiana","099","St. Martin Parish",176.763,1562,218,18.1
"976","22101040100","22","Louisiana","101","St. Mary Parish",29.302,2850,552,28.2
"977","22101040200","22","Louisiana","101","St. Mary Parish",3.349,5031,406,20.2
"978","22101040300","22","Louisiana","101","St. Mary Parish",1.836,3025,465,26.9
"979","22101040400","22","Louisiana","101","St. Mary Parish",0.701,3584,330,22.8
"980","22101040500","22","Louisiana","101","St. Mary Parish",7.455,4851,124,21.8
"981","22101040600","22","Louisiana","101","St. Mary Parish",6.871,5227,754,22.7
"982","22101040700","22","Louisiana","101","St. Mary Parish",1.262,3480,318,23.6
"983","22101040800","22","Louisiana","101","St. Mary Parish",112.819,5194,507,23.6
"984","22101040900","22","Louisiana","101","St. Mary Parish",158.195,3204,393,22.6
"985","22101041000","22","Louisiana","101","St. Mary Parish",111.165,3448,357,21.8
"986","22101041100","22","Louisiana","101","St. Mary Parish",102.987,1843,430,28.2
"987","22101041200","22","Louisiana","101","St. Mary Parish",1.66,2083,325,25.1
"988","22101041300","22","Louisiana","101","St. Mary Parish",3.597,2033,305,19.9
"989","22101041400","22","Louisiana","101","St. Mary Parish",11.782,2988,437,24.2
"990","22101041500","22","Louisiana","101","St. Mary Parish",1.101,1650,196,19.6
"991","22101041600","22","Louisiana","101","St. Mary Parish",1.295,2087,321,27.9
"992","22101990000","22","Louisiana","101","St. Mary Parish",0,0,12,NA
"993","22103040102","22","Louisiana","103","St. Tammany Parish",164.117,9103,705,18.8
"994","22103040103","22","Louisiana","103","St. Tammany Parish",41.614,4602,341,15.9
"995","22103040104","22","Louisiana","103","St. Tammany Parish",91.274,6853,464,15.9
"996","22103040201","22","Louisiana","103","St. Tammany Parish",54.375,9546,723,18.4
"997","22103040202","22","Louisiana","103","St. Tammany Parish",55.611,6682,525,13.5
"998","22103040303","22","Louisiana","103","St. Tammany Parish",8.265,9255,614,21.1
"999","22103040304","22","Louisiana","103","St. Tammany Parish",4.265,6936,513,12.4
"1000","22103040305","22","Louisiana","103","St. Tammany Parish",49.06,13663,770,16.4
"1001","22103040400","22","Louisiana","103","St. Tammany Parish",13.621,9187,663,14.9
"1002","22103040501","22","Louisiana","103","St. Tammany Parish",2.82,4716,301,26.7
"1003","22103040502","22","Louisiana","103","St. Tammany Parish",7.647,4259,430,17.7
"1004","22103040601","22","Louisiana","103","St. Tammany Parish",5.751,2615,211,13.4
"1005","22103040602","22","Louisiana","103","St. Tammany Parish",1.841,2539,217,16.8
"1006","22103040604","22","Louisiana","103","St. Tammany Parish",4.577,9734,856,20.4
"1007","22103040605","22","Louisiana","103","St. Tammany Parish",8.073,7012,785,18.6
"1008","22103040701","22","Louisiana","103","St. Tammany Parish",78.443,8898,833,20.2
"1009","22103040704","22","Louisiana","103","St. Tammany Parish",20.363,5633,701,22.2
"1010","22103040705","22","Louisiana","103","St. Tammany Parish",4.509,7366,611,21.3
"1011","22103040706","22","Louisiana","103","St. Tammany Parish",36.045,5755,596,20.2
"1012","22103040708","22","Louisiana","103","St. Tammany Parish",49.432,5592,388,15.1
"1013","22103040709","22","Louisiana","103","St. Tammany Parish",1.708,4180,363,18.1
"1014","22103040710","22","Louisiana","103","St. Tammany Parish",2.825,6242,438,17.9
"1015","22103040801","22","Louisiana","103","St. Tammany Parish",1.859,4612,367,22.7
"1016","22103040802","22","Louisiana","103","St. Tammany Parish",2.753,7138,595,15.6
"1017","22103040803","22","Louisiana","103","St. Tammany Parish",21.145,9772,1278,26
"1018","22103040900","22","Louisiana","103","St. Tammany Parish",2.231,2635,300,26.2
"1019","22103041002","22","Louisiana","103","St. Tammany Parish",1.143,2846,335,14
"1020","22103041003","22","Louisiana","103","St. Tammany Parish",1.488,5814,388,17.8
"1021","22103041004","22","Louisiana","103","St. Tammany Parish",1.532,4932,373,14.1
"1022","22103041101","22","Louisiana","103","St. Tammany Parish",4.232,3800,379,19.5
"1023","22103041102","22","Louisiana","103","St. Tammany Parish",5.92,7912,1020,23.1
"1024","22103041103","22","Louisiana","103","St. Tammany Parish",4.063,3000,422,28.3
"1025","22103041104","22","Louisiana","103","St. Tammany Parish",7.902,3210,332,17.9
"1026","22103041202","22","Louisiana","103","St. Tammany Parish",29.898,2237,334,19.1
"1027","22103041204","22","Louisiana","103","St. Tammany Parish",26.215,8291,654,18.1
"1028","22103041207","22","Louisiana","103","St. Tammany Parish",4.379,4190,419,18.4
"1029","22103041208","22","Louisiana","103","St. Tammany Parish",1.672,4470,271,9.8
"1030","22103041209","22","Louisiana","103","St. Tammany Parish",1.79,4823,334,16.3
"1031","22103041210","22","Louisiana","103","St. Tammany Parish",3.3,2593,180,18.6
"1032","22103041211","22","Louisiana","103","St. Tammany Parish",2.63,6110,378,14.5
"1033","22103041212","22","Louisiana","103","St. Tammany Parish",11.407,3653,234,10
"1034","22103041300","22","Louisiana","103","St. Tammany Parish",3.752,6795,553,16.6
"1035","22103990000","22","Louisiana","103","St. Tammany Parish",0,0,12,NA
"1036","22105953200","22","Louisiana","105","Tangipahoa Parish",66.167,2781,506,17.9
"1037","22105953300","22","Louisiana","105","Tangipahoa Parish",57.227,3708,492,27.1
"1038","22105953400","22","Louisiana","105","Tangipahoa Parish",28.518,5598,695,23.5
"1039","22105953500","22","Louisiana","105","Tangipahoa Parish",163.898,7362,879,19.7
"1040","22105953600","22","Louisiana","105","Tangipahoa Parish",27.219,6759,933,28.2
"1041","22105953700","22","Louisiana","105","Tangipahoa Parish",143.471,11247,991,19.6
"1042","22105953800","22","Louisiana","105","Tangipahoa Parish",27.231,5019,511,21
"1043","22105953900","22","Louisiana","105","Tangipahoa Parish",19.934,8730,880,25
"1044","22105954001","22","Louisiana","105","Tangipahoa Parish",6.341,4366,556,28
"1045","22105954002","22","Louisiana","105","Tangipahoa Parish",23.865,5960,468,20.4
"1046","22105954101","22","Louisiana","105","Tangipahoa Parish",10.912,5301,649,22
"1047","22105954102","22","Louisiana","105","Tangipahoa Parish",14.585,12061,1186,21.5
"1048","22105954200","22","Louisiana","105","Tangipahoa Parish",1.391,5021,576,27.9
"1049","22105954300","22","Louisiana","105","Tangipahoa Parish",2.128,4117,435,26.1
"1050","22105954400","22","Louisiana","105","Tangipahoa Parish",1.627,3722,421,27.7
"1051","22105954501","22","Louisiana","105","Tangipahoa Parish",6.488,6107,565,23.8
"1052","22105954502","22","Louisiana","105","Tangipahoa Parish",8.798,7618,759,23.8
"1053","22105954600","22","Louisiana","105","Tangipahoa Parish",70.905,13152,1143,19.7
"1054","22105954700","22","Louisiana","105","Tangipahoa Parish",37.983,5182,463,20.5
"1055","22105954800","22","Louisiana","105","Tangipahoa Parish",72.582,5039,501,19.5
"1056","22107000100","22","Louisiana","107","Tensas Parish",139.212,1819,197,24.3
"1057","22107000200","22","Louisiana","107","Tensas Parish",380.594,978,157,21.3
"1058","22107000300","22","Louisiana","107","Tensas Parish",82.978,1974,185,27.8
"1059","22109000101","22","Louisiana","109","Terrebonne Parish",17.397,5926,638,22.4
"1060","22109000102","22","Louisiana","109","Terrebonne Parish",6.663,4277,465,21.8
"1061","22109000201","22","Louisiana","109","Terrebonne Parish",8.709,4268,393,23.3
"1062","22109000202","22","Louisiana","109","Terrebonne Parish",7.379,7192,615,19.9
"1063","22109000300","22","Louisiana","109","Terrebonne Parish",1.999,5831,647,23.7
"1064","22109000401","22","Louisiana","109","Terrebonne Parish",1.159,5013,492,21.5
"1065","22109000402","22","Louisiana","109","Terrebonne Parish",0.701,4139,299,19.1
"1066","22109000500","22","Louisiana","109","Terrebonne Parish",7.153,6120,686,24.5
"1067","22109000600","22","Louisiana","109","Terrebonne Parish",7.634,5400,887,24.9
"1068","22109000700","22","Louisiana","109","Terrebonne Parish",3.419,5995,796,27.9
"1069","22109000800","22","Louisiana","109","Terrebonne Parish",2.37,5511,641,22.5
"1070","22109000900","22","Louisiana","109","Terrebonne Parish",2.159,4855,520,24
"1071","22109001000","22","Louisiana","109","Terrebonne Parish",19.021,5823,540,17.3
"1072","22109001100","22","Louisiana","109","Terrebonne Parish",116.294,3866,628,21.1
"1073","22109001201","22","Louisiana","109","Terrebonne Parish",15.142,2738,323,16.5
"1074","22109001202","22","Louisiana","109","Terrebonne Parish",94.44,3674,375,18.5
"1075","22109001300","22","Louisiana","109","Terrebonne Parish",163.473,8403,830,28
"1076","22109001400","22","Louisiana","109","Terrebonne Parish",372.299,3188,348,23.7
"1077","22109001500","22","Louisiana","109","Terrebonne Parish",238.767,7330,506,17.1
"1078","22109001600","22","Louisiana","109","Terrebonne Parish",103.274,2470,461,23.2
"1079","22109001700","22","Louisiana","109","Terrebonne Parish",42.364,11048,730,18.5
"1080","22109990000","22","Louisiana","109","Terrebonne Parish",0,0,12,NA
"1081","22111960100","22","Louisiana","111","Union Parish",327.499,4303,479,22.7
"1082","22111960200","22","Louisiana","111","Union Parish",176.998,3784,395,24.5
"1083","22111960300","22","Louisiana","111","Union Parish",93.271,2965,439,22.9
"1084","22111960400","22","Louisiana","111","Union Parish",8.14,3737,176,27.6
"1085","22111960500","22","Louisiana","111","Union Parish",162.359,4412,577,18.7
"1086","22111960600","22","Louisiana","111","Union Parish",108.723,3336,424,18
"1087","22113950100","22","Louisiana","113","Vermilion Parish",106.045,10273,643,21.8
"1088","22113950200","22","Louisiana","113","Vermilion Parish",251.173,4666,505,17.7
"1089","22113950400","22","Louisiana","113","Vermilion Parish",10.682,5311,554,18.7
"1090","22113950500","22","Louisiana","113","Vermilion Parish",95.147,5581,531,16.9
"1091","22113950600","22","Louisiana","113","Vermilion Parish",13.858,3356,404,16.5
"1092","22113950700","22","Louisiana","113","Vermilion Parish",2.199,3563,611,22.9
"1093","22113950800","22","Louisiana","113","Vermilion Parish",1.654,5245,480,25.7
"1094","22113950901","22","Louisiana","113","Vermilion Parish",15.983,3381,345,19
"1095","22113950902","22","Louisiana","113","Vermilion Parish",39.612,8720,705,21.9
"1096","22113951001","22","Louisiana","113","Vermilion Parish",12.344,4647,417,20.8
"1097","22113951002","22","Louisiana","113","Vermilion Parish",72.32,3385,266,20.8
"1098","22113951100","22","Louisiana","113","Vermilion Parish",552.183,1713,238,26.4
"1099","22113990000","22","Louisiana","113","Vermilion Parish",0,0,12,NA
"1100","22115950100","22","Louisiana","115","Vernon Parish",319.896,5496,434,21.8
"1101","22115950200","22","Louisiana","115","Vernon Parish",171.678,5078,434,20.4
"1102","22115950300","22","Louisiana","115","Vernon Parish",254.866,4349,384,19.8
"1103","22115950400","22","Louisiana","115","Vernon Parish",5.487,3424,203,26.4
"1104","22115950500","22","Louisiana","115","Vernon Parish",10.784,6141,285,25.5
"1105","22115950600","22","Louisiana","115","Vernon Parish",37.959,3791,265,25.9
"1106","22115950701","22","Louisiana","115","Vernon Parish",155.579,1552,393,28.5
"1107","22115950702","22","Louisiana","115","Vernon Parish",0.989,3613,366,29.8
"1108","22115950703","22","Louisiana","115","Vernon Parish",6.945,2432,274,30.1
"1109","22115950704","22","Louisiana","115","Vernon Parish",1.61,4186,387,29.3
"1110","22115950800","22","Louisiana","115","Vernon Parish",279.331,4251,487,21.2
"1111","22115950900","22","Louisiana","115","Vernon Parish",82.783,7593,623,22.4
"1112","22117950101","22","Louisiana","117","Washington Parish",63.339,3639,372,23
"1113","22117950102","22","Louisiana","117","Washington Parish",120.739,4118,492,20.7
"1114","22117950200","22","Louisiana","117","Washington Parish",94.658,5990,646,19.2
"1115","22117950300","22","Louisiana","117","Washington Parish",41.26,4218,453,24
"1116","22117950400","22","Louisiana","117","Washington Parish",101.061,3648,439,20.9
"1117","22117950500","22","Louisiana","117","Washington Parish",122.342,6343,514,18.9
"1118","22117950600","22","Louisiana","117","Washington Parish",93.696,4796,593,18.8
"1119","22117950700","22","Louisiana","117","Washington Parish",6.874,4512,611,23.3
"1120","22117950800","22","Louisiana","117","Washington Parish",6.247,4390,474,27.1
"1121","22117950900","22","Louisiana","117","Washington Parish",1.732,1493,242,26.7
"1122","22117951000","22","Louisiana","117","Washington Parish",17.579,3302,492,25
"1123","22119031100","22","Louisiana","119","Webster Parish",130.139,1894,172,17.5
"1124","22119031200","22","Louisiana","119","Webster Parish",33.268,2748,299,20.3
"1125","22119031300","22","Louisiana","119","Webster Parish",6.913,4993,189,20.4
"1126","22119031400","22","Louisiana","119","Webster Parish",73.9,3464,317,21.5
"1127","22119031500","22","Louisiana","119","Webster Parish",133.285,5461,432,23
"1128","22119031600","22","Louisiana","119","Webster Parish",72.853,2959,281,15.4
"1129","22119031700","22","Louisiana","119","Webster Parish",3.85,3485,436,27.5
"1130","22119031800","22","Louisiana","119","Webster Parish",1.761,2607,271,23.3
"1131","22119031900","22","Louisiana","119","Webster Parish",1.22,2194,327,21.7
"1132","22119032000","22","Louisiana","119","Webster Parish",6.618,3254,363,19.7
"1133","22119032100","22","Louisiana","119","Webster Parish",129.223,6984,611,21.4
"1134","22121020100","22","Louisiana","121","West Baton Rouge Parish",1.575,4273,316,20.5
"1135","22121020200","22","Louisiana","121","West Baton Rouge Parish",13.994,3431,480,29.3
"1136","22121020300","22","Louisiana","121","West Baton Rouge Parish",130.772,5972,450,20.9
"1137","22121020401","22","Louisiana","121","West Baton Rouge Parish",13.694,5101,480,22.7
"1138","22121020402","22","Louisiana","121","West Baton Rouge Parish",32.358,6741,475,18.8
"1139","22123000100","22","Louisiana","123","West Carroll Parish",108.696,4667,336,21.5
"1140","22123000200","22","Louisiana","123","West Carroll Parish",108.057,3842,363,19
"1141","22123000300","22","Louisiana","123","West Carroll Parish",142.893,2765,232,22.6
"1142","22125951701","22","Louisiana","125","West Feliciana Parish",238.322,3531,533,24.2
"1143","22125951702","22","Louisiana","125","West Feliciana Parish",59.352,3988,257,28.7
"1144","22125951800","22","Louisiana","125","West Feliciana Parish",105.539,7857,555,23.4
"1145","22127960100","22","Louisiana","127","Winn Parish",489.896,3134,371,16.9
"1146","22127960200","22","Louisiana","127","Winn Parish",451.709,6561,402,22.5
"1147","22127960300","22","Louisiana","127","Winn Parish",3.671,2660,299,23.7
"1148","22127960400","22","Louisiana","127","Winn Parish",4.809,2276,322,24.1
